概要,企業,予想日,予想時刻,売買,ユーザ名,所持ポイント,登録時株価,取得ポイント,目標株価,予想期間,理由,コメント,データ取得時株価,データ取得日,データ取得時間,参照html
"住友金属鉱山(5713)の売り予想。 kendobun さんの売買予想。 目標株価： 1,522円 期間： 短期(数分~数日) 理由： イベント(増資／合弁・買収／分割等) 売り予想 短期 目標株価1,517円",住友金属鉱山,2017/04/08,19:44,売り予想,kendobunさん,2.41,成り行き ,,"1,522",短期(数分～数日),イベント(増資／合弁・買収／分割等),,"1,537.5",04月09日,12:31,C:\Users\naoya\Desktop\nikkei225\minkabu\Output/5713-住友金属鉱山/2017-04-09-12-31-26/comment\1.html
"住友金属鉱山(5713)の買い予想。 リサ・ランドール さんの売買予想。 目標株価： 1,361円 期間： 長期(数ヶ月～数年) 理由： その他 買い",住友金属鉱山,2016/06/15,21:35,買い予想,リサ・ランドールさん,137.27,"1,050.0",+131.75,"1,361",長期(数ヶ月～数年),その他,,"1,537.5",04月09日,12:31,C:\Users\naoya\Desktop\nikkei225\minkabu\Output/5713-住友金属鉱山/2017-04-09-12-31-26/comment\10.html
"住友金属鉱山(5713)の買い予想。 kwg*8*80 さんの売買予想。 目標株価： 1,342円 理由： 業績(会社計画の修正発表を含む) 株価診断結果「割安」に賛成",住友金属鉱山,2010/02/16,14:26,買い予想,kwg*8*80さん,111.23,"1,249.0",+65.45,"1,342",,業績(会社計画の修正発表を含む),"【株価分析結果】2010/02/16 03:18
　割安

【総論】
　この銘柄は、みんかぶリサーチによる株価診断において過去比較で割安と判断され、また相対比較で割高と判断されます。しかし、過去比較の方が連動性が高いことから、現在の株価は「割安」と結論付けました。
　但し、この銘柄の株価が「1,342円」を超えると割高圏内に入ります。
　このように、この銘柄は現在の株価水準において割安と判断されますが、この結果は必ずしも今後の株価の上昇を示唆するものではありません。
投資判断においては、利益関連事項を中心に、企業や外部環境の動向に注視してください。


【過去比較】
　過去2年間において、この銘柄はPERの変動幅が最も狭いことから利益動向が投資判断で重視されている可能性があります。現状、PERは過去平均値より低い為、過去比較の観点からは割安と判断されます。

【相対比較】
　一方、この銘柄のPSRは同一業種分類銘柄の平均値と連動性が高い傾向にあります。つまり、この銘柄の投資判断では同一業種分類を対象に売上動向が比較されている可能性があります。また、この銘柄は相対比較においてプレミアム評価される傾向にある為、それを考慮します。
　結果、現在、この銘柄の株価は相対比較の観点で割高と判断されます。

","1,537.5",04月09日,12:35,C:\Users\naoya\Desktop\nikkei225\minkabu\Output/5713-住友金属鉱山/2017-04-09-12-31-26/comment\100.html
住友金属鉱山(5713)の買い予想。 雄山 さんの売買予想。 目標株価： 0円 期間： 中期(数週間~数ヶ月) 理由： チャート 株価診断結果「割安」に賛成,住友金属鉱山,2010/02/11,21:02,買い予想,雄山さん,105.94,"1,227.0",+71.72,--,中期(数週間～数ヶ月),チャート,"【株価分析結果】2010/02/11 03:18
　割安

【総論】
　この銘柄は、みんかぶリサーチによる株価診断において過去比較で割安と判断され、また相対比較で妥当圏内と判断されます。しかし、過去比較の方が連動性が高いことから、現在の株価は「割安」と結論付けました。
　但し、この銘柄の株価が「1,238円」を超えると割高圏内に入ります。
　このように、この銘柄は現在の株価水準において割安と判断されますが、この結果は必ずしも今後の株価の上昇を示唆するものではありません。
投資判断においては、株主還元関連事項を中心に、企業や外部環境の動向に注視してください。


【過去比較】
　過去2年間において、この銘柄は配当利回りの変動幅が最も狭いことから株主還元策が投資判断で重視されている可能性があります。現状、配当利回りは過去平均値より高い為、過去比較の観点からは割安と判断されます。

【相対比較】
　一方、この銘柄のPSRは同一業種分類銘柄の平均値と連動性が高い傾向にあります。つまり、この銘柄の投資判断では同一業種分類を対象に売上動向が比較されている可能性があります。また、この銘柄は相対比較においてプレミアム評価される傾向にある為、それを考慮します。
　結果、現在、この銘柄の株価は相対比較の観点で妥当圏内と判断されます。

","1,537.5",04月09日,12:35,C:\Users\naoya\Desktop\nikkei225\minkabu\Output/5713-住友金属鉱山/2017-04-09-12-31-26/comment\101.html
"住友金属鉱山(5713)の買い予想。 SHIROKUMA さんの売買予想。 目標株価： 1,500円 期間： 中期(数週間~数ヶ月) 買いたい",住友金属鉱山,2010/02/08,19:45,買い予想,SHIROKUMAさん,-29.75,"1,194.0",+81.56,"1,500",中期(数週間～数ヶ月),,,"1,537.5",04月09日,12:35,C:\Users\naoya\Desktop\nikkei225\minkabu\Output/5713-住友金属鉱山/2017-04-09-12-31-26/comment\102.html
"住友金属鉱山(5713)の買い予想。 維真 さんの売買予想。 目標株価： 2,000円 期間： 長期(数ヶ月～数年) 安すぎる 将来絶対有利な会社なのに",住友金属鉱山,2010/02/06,12:57,買い予想,維真さん,200.5,"1,190.0",+82.79,"2,000",長期(数ヶ月～数年),,,"1,537.5",04月09日,12:35,C:\Users\naoya\Desktop\nikkei225\minkabu\Output/5713-住友金属鉱山/2017-04-09-12-31-26/comment\103.html
住友金属鉱山(5713)の買い予想。 d901fb さんの売買予想。 目標株価： 0円 期間： 短期(数分~数日) かい,住友金属鉱山,2010/01/20,19:42,買い予想,d901fbさん,254.4,"1,379.0",+32.47,--,短期(数分～数日),,,"1,537.5",04月09日,12:35,C:\Users\naoya\Desktop\nikkei225\minkabu\Output/5713-住友金属鉱山/2017-04-09-12-31-26/comment\104.html
"住友金属鉱山(5713)の買い予想。 FORESTファンド さんの売買予想。 目標株価： 1,600円 期間： 中期(数週間~数ヶ月) 理由： その他 金価格の調整終了",住友金属鉱山,2009/12/10,12:42,買い予想,FORESTファンドさん,29.84,"1,396.0",+28.61,"1,600",中期(数週間～数ヶ月),その他,,"1,537.5",04月09日,12:35,C:\Users\naoya\Desktop\nikkei225\minkabu\Output/5713-住友金属鉱山/2017-04-09-12-31-26/comment\105.html
"住友金属鉱山(5713)の買い予想。 たんきち さんの売買予想。 目標株価： 1,500円 期間： 長期(数ヶ月～数年) 理由： 業績(会社計画の修正発表を含む) やはり、金は強し。",住友金属鉱山,2009/11/30,08:09,買い予想,たんきちさん,126.28,"1,405.0",+26.61,"1,500",長期(数ヶ月～数年),業績(会社計画の修正発表を含む),ドル安の御時世ですから、これからますます金の需要が増すので、金鉱株は上がると思う。,"1,537.5",04月09日,12:35,C:\Users\naoya\Desktop\nikkei225\minkabu\Output/5713-住友金属鉱山/2017-04-09-12-31-26/comment\106.html
"住友金属鉱山(5713)の買い予想。 baku baku さんの売買予想。 目標株価： 1,500円 期間： 長期(数ヶ月～数年) 理由： 業績(会社計画の修正発表を含む) 買い",住友金属鉱山,2009/11/18,17:51,買い予想,baku bakuさん,99.79,"1,439.0",+19.26,"1,500",長期(数ヶ月～数年),業績(会社計画の修正発表を含む),,"1,537.5",04月09日,12:35,C:\Users\naoya\Desktop\nikkei225\minkabu\Output/5713-住友金属鉱山/2017-04-09-12-31-26/comment\107.html
住友金属鉱山(5713)の売り予想。 monexplus さんの売買予想。 目標株価： 950円 期間： 中期(数週間~数ヶ月) 売り,住友金属鉱山,2009/11/11,10:49,売り予想,monexplusさん,165.24,"1,523.0",-2.89,950,中期(数週間～数ヶ月),,,"1,537.5",04月09日,12:35,C:\Users\naoya\Desktop\nikkei225\minkabu\Output/5713-住友金属鉱山/2017-04-09-12-31-26/comment\108.html
"住友金属鉱山(5713)の買い予想。 ゴールドマン さんの売買予想。 目標株価： 1,850円 期間： 長期(数ヶ月～数年) 理由： 業績(会社計画の修正発表を含む) 5713",住友金属鉱山,2009/10/27,21:14,買い予想,ゴールドマンさん,142.31,"1,485.0",+9.86,"1,850",長期(数ヶ月～数年),業績(会社計画の修正発表を含む),ふめい,"1,537.5",04月09日,12:35,C:\Users\naoya\Desktop\nikkei225\minkabu\Output/5713-住友金属鉱山/2017-04-09-12-31-26/comment\109.html
"住友金属鉱山(5713)の買い予想。 筒川ひょっとこ齋 さんの売買予想。 目標株価： 1,321円 期間： 中期(数週間~数ヶ月) 理由： その他 個人投資家の意見「買い」に賛成",住友金属鉱山,2016/06/15,11:20,買い予想,筒川ひょっとこ齋さん,11.64,"1,058.0",+128.60,"1,321",中期(数週間～数ヶ月),その他,"いい所まで下げてきました。

世界はリスクオフに傾きつつあるものの、真に都市鉱山として馳せるのは別子でしょw
金価格上昇の後押しに、多角化でリチウム電池事業も軌道に乗るし、自律反発狙いで買い目線ダス。","1,537.5",04月09日,12:31,C:\Users\naoya\Desktop\nikkei225\minkabu\Output/5713-住友金属鉱山/2017-04-09-12-31-26/comment\11.html
住友金属鉱山(5713)の買い予想。 パープルリボン さんの売買予想。 目標株価： 0円 期間： 中期(数週間~数ヶ月) 買ってみる,住友金属鉱山,2009/10/26,10:31,買い予想,パープルリボンさん,321.78,"1,577.0",-7.30,--,中期(数週間～数ヶ月),,,"1,537.5",04月09日,12:35,C:\Users\naoya\Desktop\nikkei225\minkabu\Output/5713-住友金属鉱山/2017-04-09-12-31-26/comment\110.html
"住友金属鉱山(5713)の買い予想。 mackey0901 さんの売買予想。 目標株価： 1,800円 期間： 中期(数週間~数ヶ月) 理由： 業績(会社計画の修正発表を含む) 金は1500$へ",住友金属鉱山,2009/10/18,17:53,買い予想,mackey0901さん,147.29,"1,545.0",-1.56,"1,800",中期(数週間～数ヶ月),業績(会社計画の修正発表を含む),,"1,537.5",04月09日,12:35,C:\Users\naoya\Desktop\nikkei225\minkabu\Output/5713-住友金属鉱山/2017-04-09-12-31-26/comment\111.html
住友金属鉱山(5713)の売り予想。 空飛ぶ モンティ・パイ さんの売買予想。 100年に一度の不況が,住友金属鉱山,2009/10/13,02:02,売り予想,空飛ぶ モンティ・パイさん,-418.66,"1,573.0",+6.23,--,,,今年もきますから！！,"1,537.5",04月09日,12:35,C:\Users\naoya\Desktop\nikkei225\minkabu\Output/5713-住友金属鉱山/2017-04-09-12-31-26/comment\112.html
"住友金属鉱山(5713)の買い予想。 MENTHOL さんの売買予想。 目標株価： 1,800円 期間： 中期(数週間~数ヶ月) 買い",住友金属鉱山,2009/10/11,11:33,買い予想,MENTHOLさん,375.01,"1,573.0",-6.59,"1,800",中期(数週間～数ヶ月),,,"1,537.5",04月09日,12:35,C:\Users\naoya\Desktop\nikkei225\minkabu\Output/5713-住友金属鉱山/2017-04-09-12-31-26/comment\113.html
"住友金属鉱山(5713)の買い予想。 妄想トレーダー さんの売買予想。 目標株価： 1,569円 期間： 短期(数分~数日) 理由： イベント(増資／合弁・買収／分割等) まあとりあえず金価格暴騰なのでね",住友金属鉱山,2009/10/07,01:17,買い予想,妄想トレーダーさん,122.39,"1,524.0",+2.33,"1,569",短期(数分～数日),イベント(増資／合弁・買収／分割等),短期でかなり利食えそうでっせ,"1,537.5",04月09日,12:35,C:\Users\naoya\Desktop\nikkei225\minkabu\Output/5713-住友金属鉱山/2017-04-09-12-31-26/comment\114.html
"住友金属鉱山(5713)の買い予想。 イッチーズ さんの売買予想。 目標株価： 1,800円 期間： 中期(数週間~数ヶ月) 理由： その他 株価診断結果「割高」に反対",住友金属鉱山,2009/09/19,13:10,買い予想,イッチーズさん,74.57,"1,520.0",+3.08,"1,800",中期(数週間～数ヶ月),その他,"【株価分析結果】2009/09/19 03:19
　割高

【総論】
　この銘柄は、みんかぶリサーチによる株価診断において過去比較で割高と判断され、また相対比較でも割高と判断されます。結果、現在の株価は「割高」と結論付けました。
　但し、この銘柄の株価が「1,201円」を割ると割安圏内に入ります。なお、この銘柄は相対比較においてプレミアム評価される傾向にあり、理論株価はその点を考慮して算出されております。
　このように、この銘柄は現在の株価水準において割高と判断されますが、この結果は必ずしも今後の株価の下落を示唆するものではありません。
投資判断においては、売上関連事項を中心に、企業や外部環境の動向に注視してください。


【過去比較】
　過去2年間において、この銘柄はPSRの変動幅が最も狭いことから売上動向が投資判断で重視されている可能性があります。現状、PSRは過去平均値より高い為、過去比較の観点からは割高と判断されます。

【相対比較】
　一方、この銘柄のPSRは同一業種分類銘柄の平均値と連動性が高い傾向にあります。つまり、この銘柄の投資判断では同一業種分類を対象に売上動向が比較されている可能性があります。また、この銘柄は相対比較においてプレミアム評価される傾向にある為、それを考慮します。
　結果、現在、この銘柄の株価は相対比較の観点で割高と判断されます。

","1,537.5",04月09日,12:35,C:\Users\naoya\Desktop\nikkei225\minkabu\Output/5713-住友金属鉱山/2017-04-09-12-31-26/comment\115.html
"住友金属鉱山(5713)の買い予想。 nhatanh さんの売買予想。 目標株価： 1,720円 期間： 中期(数週間~数ヶ月) 理由： その他 金地金のここ数日の動きにも因るが",住友金属鉱山,2009/09/10,23:57,買い予想,nhatanhさん,30.9,"1,521.0",+2.89,"1,720",中期(数週間～数ヶ月),その他,理由と言うより願望か（笑う）,"1,537.5",04月09日,12:35,C:\Users\naoya\Desktop\nikkei225\minkabu\Output/5713-住友金属鉱山/2017-04-09-12-31-26/comment\116.html
住友金属鉱山(5713)の買い予想。 baba fumito さんの売買予想。 期間： 中期(数週間~数ヶ月) 理由： チャート 買うぞ,住友金属鉱山,2009/09/03,12:38,買い予想,baba fumitoさん,246.85,"1,461.0",+14.69,--,中期(数週間～数ヶ月),チャート,,"1,537.5",04月09日,12:35,C:\Users\naoya\Desktop\nikkei225\minkabu\Output/5713-住友金属鉱山/2017-04-09-12-31-26/comment\117.html
"住友金属鉱山,5713,SumitomoMetalMining,株価,株価予想,目標株価,株,株式,みんなの株式,みんかぶ,minkabu",住友金属鉱山,2009/06/24,11:25,買い予想,新卒MBAさん,434.31,"1,347.0",+40.00,--,,,　,"1,537.5",04月09日,12:35,C:\Users\naoya\Desktop\nikkei225\minkabu\Output/5713-住友金属鉱山/2017-04-09-12-31-26/comment\118.html
"住友金属鉱山(5713)の買い予想。 rap**0 さんの売買予想。 目標株価： 1,620円 期間： 中期(数週間~数ヶ月) 理由： チャート 買い",住友金属鉱山,2009/06/23,09:04,買い予想,rap**0さん,65.86,"1,353.0",+38.56,"1,620",中期(数週間～数ヶ月),チャート,,"1,537.5",04月09日,12:35,C:\Users\naoya\Desktop\nikkei225\minkabu\Output/5713-住友金属鉱山/2017-04-09-12-31-26/comment\119.html
"住友金属鉱山(5713)の買い予想。 pinksapphire さんの売買予想。 目標株価： 1,484円 期間： 中期(数週間~数ヶ月) 理由： 業績(会社計画の修正発表を含む) 個人投資家の意見「買い」に賛成",住友金属鉱山,2016/04/18,23:03,買い予想,pinksapphireさん,40.24,"1,198.0",+80.34,"1,484",中期(数週間～数ヶ月),業績(会社計画の修正発表を含む),"■住友金属鉱山  　1,151円　 -48 円 (-4.0％)　　本日終値
　野村証券の日本株投資戦略では、４～６月の日本株は業績モメンタムが鈍化するなか、政策期待から反発に向かうと予想。投資戦略としては、これまで推奨してきた国内生産回復関連、民間設備投資関連、リフレ関連、割安グロースに、市況関連を織り交ぜつつ、その先の民間消費回復に注目するタイミングをうかがいたいと解説。今月の参考ポートフォリオでは、市況業種への傾斜を強めるために住友金属鉱山と商船三井を、季節性の観点から王子ホールディングスとキリンホールディングスを、長期投資の観点からアンリツを組み入れ。割安なサブセクターが見当たらなかった１５年央と比べると、「海外市場との比較で割安なサブセクターが随分と増えている」との見解を示している。
","1,537.5",04月09日,12:32,C:\Users\naoya\Desktop\nikkei225\minkabu\Output/5713-住友金属鉱山/2017-04-09-12-31-26/comment\12.html
"住友金属鉱山(5713)の買い予想。 ﾌﾞﾙｰ鮪 さんの売買予想。 目標株価： 1,800円 期間： 短期(数分~数日) 理由： その他 買い",住友金属鉱山,2009/06/11,15:27,買い予想,ﾌﾞﾙｰ鮪さん,432.01,"1,595.0",-10.42,"1,800",短期(数分～数日),その他,,"1,537.5",04月09日,12:35,C:\Users\naoya\Desktop\nikkei225\minkabu\Output/5713-住友金属鉱山/2017-04-09-12-31-26/comment\120.html
"住友金属鉱山(5713)の買い予想。 るんるんゆっこ さんの売買予想。 目標株価： 1,500円 期間： 中期(数週間~数ヶ月) 理由： 業績(会社計画の修正発表を含む) kai",住友金属鉱山,2009/06/09,18:29,買い予想,るんるんゆっこさん,285.5,"1,471.0",+12.66,"1,500",中期(数週間～数ヶ月),業績(会社計画の修正発表を含む),,"1,537.5",04月09日,12:35,C:\Users\naoya\Desktop\nikkei225\minkabu\Output/5713-住友金属鉱山/2017-04-09-12-31-26/comment\121.html
"住友金属鉱山(5713)の買い予想。 ﾐﾊｴﾙ さんの売買予想。 目標株価： 1,500円 期間： 中期(数週間~数ヶ月) 買い",住友金属鉱山,2009/05/29,17:04,買い予想,ﾐﾊｴﾙさん,428.06,"1,380.0",+32.24,"1,500",中期(数週間～数ヶ月),,,"1,537.5",04月09日,12:35,C:\Users\naoya\Desktop\nikkei225\minkabu\Output/5713-住友金属鉱山/2017-04-09-12-31-26/comment\122.html
"住友金属鉱山(5713)の買い予想。 おとう12 さんの売買予想。 目標株価： 1,200円 期間： 中期(数週間~数ヶ月) 理由： チャート 金連動を考えれば、買いでしょう。",住友金属鉱山,2009/05/07,16:12,買い予想,おとう12さん,226.49,"1,180.0",+85.91,"1,200",中期(数週間～数ヶ月),チャート,"住友鉱が年初来高値、０９年３月期上方修正を好感(株式新聞)
2009/04/24(11:30)
http://minkabu.jp/stock/5713/news/22148","1,537.5",04月09日,12:35,C:\Users\naoya\Desktop\nikkei225\minkabu\Output/5713-住友金属鉱山/2017-04-09-12-31-26/comment\123.html
"住友金属鉱山,5713,SumitomoMetalMining,株価,株価予想,目標株価,株,株式,みんなの株式,みんかぶ,minkabu",住友金属鉱山,2009/04/13,22:54,買い予想,hautさん,199.11,"1,052.0",+130.96,--,,,　,"1,537.5",04月09日,12:35,C:\Users\naoya\Desktop\nikkei225\minkabu\Output/5713-住友金属鉱山/2017-04-09-12-31-26/comment\124.html
"住友金属鉱山(5713)の買い予想。 mur*kam*3*37 さんの売買予想。 目標株価： 1,600円 期間： 中期(数週間~数ヶ月) 理由： その他 1600円付近または日経9000円越えまで行く",住友金属鉱山,2009/03/23,20:17,買い予想,mur*kam*3*37さん,439.48,"1,020.0",+143.99,"1,600",中期(数週間～数ヶ月),その他,"今日売りが出ると思ったが、それほどなく今日のNY次第で明日は５％以上・・・買い方さんはNYを見守ろう・・・・

今日WBCでアメリカに日本に勝った事も上昇につながった・・・
日本が点を取ると大口買いが入る・・・・オイターより","1,537.5",04月09日,12:35,C:\Users\naoya\Desktop\nikkei225\minkabu\Output/5713-住友金属鉱山/2017-04-09-12-31-26/comment\125.html
住友金属鉱山(5713)の売り予想。 xenongass さんの売買予想。 目標株価： 600円 期間： 中期(数週間~数ヶ月) ニッケル在庫が線形比例膨らみ,住友金属鉱山,2009/03/05,23:30,売り予想,xenongassさん,-494.66,923.0,-189.62,600,中期(数週間～数ヶ月),,"ニッケル価格は。
すでに１/5まで暴落したが、株価には正確に反映されていない。

在庫膨らみは更なるニッケル価格の下落が予想される。

最大のお客様であったアメリカ住宅産業は復活など無理ですし。","1,537.5",04月09日,12:36,C:\Users\naoya\Desktop\nikkei225\minkabu\Output/5713-住友金属鉱山/2017-04-09-12-31-26/comment\126.html
住友金属鉱山(5713)の買い予想。 キンボシ さんの売買予想。 期間： 中期(数週間~数ヶ月) 買い,住友金属鉱山,2009/02/22,12:48,買い予想,キンボシさん,708.08,"1,040.0",+135.75,--,中期(数週間～数ヶ月),,,"1,537.5",04月09日,12:36,C:\Users\naoya\Desktop\nikkei225\minkabu\Output/5713-住友金属鉱山/2017-04-09-12-31-26/comment\127.html
"住友金属鉱山(5713)の買い予想。 だいすけどん さんの売買予想。 目標株価： 1,300円 期間： 長期(数ヶ月～数年) 理由： 業績(会社計画の修正発表を含む) イケる！",住友金属鉱山,2009/02/22,02:25,買い予想,だいすけどんさん,196.92,"1,040.0",+135.75,"1,300",長期(数ヶ月～数年),業績(会社計画の修正発表を含む),,"1,537.5",04月09日,12:36,C:\Users\naoya\Desktop\nikkei225\minkabu\Output/5713-住友金属鉱山/2017-04-09-12-31-26/comment\128.html
"住友金属鉱山(5713)の買い予想。 だまてん さんの売買予想。 目標株価： 1,450円 期間： 中期(数週間~数ヶ月) 理由： チャート かわいでか",住友金属鉱山,2009/02/20,18:41,買い予想,だまてんさん,274.79,"1,040.0",+271.50,"1,450",中期(数週間～数ヶ月),チャート,,"1,537.5",04月09日,12:36,C:\Users\naoya\Desktop\nikkei225\minkabu\Output/5713-住友金属鉱山/2017-04-09-12-31-26/comment\129.html
"住友金属鉱山(5713)の買い予想。 mohatomo さんの売買予想。 目標株価： 1,326円 期間： 中期(数週間~数ヶ月) 理由： 業績(会社計画の修正発表を含む) 株価診断結果「割安」に賛成",住友金属鉱山,2016/03/06,11:42,買い予想,mohatomoさん,40.54,"1,350.0",+39.28,"1,325",中期(数週間～数ヶ月),業績(会社計画の修正発表を含む),"【株価分析結果】2016/03/05 02:59　割安  【総論】　この銘柄は、みんかぶリサーチによる株価診断において過去比較で割安と判断され、また相対比較で割高と判断されます。しかし、過去比較の方が連動性が高いことから、現在の株価は「割安」と結論付けました。　但し、この銘柄の株価が「1,818円」を超えると割高圏内に入ります。加えて、PBRが一倍割れなことから将来のキャッシュフローが悪化する見通しの場合を除き、長期的には下値リスクの軽減から買い圧力が高まる可能性があります。　このように、この銘柄は現在の株価水準において割安と判断されますが、この結果は必ずしも今後の株価の上昇を示唆するものではありません。投資判断においては、株主還元関連事項を中心に、企業や外部環境の動向に注視してください。【過去比較】　過去2年間において、この銘柄は配当利回りの変動幅が最も狭いことから株主還元策が投資判断で重視されている可能性があります。現状、配当利回りは過去平均値より高い為、過去比較の観点からは割安と判断されます。【相対比較】　一方、この銘柄のPERは同一業種分類銘柄の平均値と連動性が高い傾向にあります。つまり、この銘柄の投資判断では同一業種分類を対象に利益動向が比較されている可能性があります。　結果、現在、この銘柄のPERは同一業種分類の平均値よりも高い為、相対比較の観点からは割高と判断されます。","1,537.5",04月09日,12:32,C:\Users\naoya\Desktop\nikkei225\minkabu\Output/5713-住友金属鉱山/2017-04-09-12-31-26/comment\13.html
"住友金属鉱山(5713)の買い予想。 だま さんの売買予想。 目標株価： 1,000,000円 期間： 中期(数週間~数ヶ月) 理由： 業績(会社計画の修正発表を含む) 金",住友金属鉱山,2009/02/20,12:48,買い予想,だまさん,146.82,992.0,+312.16,"1,000,000",中期(数週間～数ヶ月),業績(会社計画の修正発表を含む),,"1,537.5",04月09日,12:36,C:\Users\naoya\Desktop\nikkei225\minkabu\Output/5713-住友金属鉱山/2017-04-09-12-31-26/comment\130.html
"住友金属鉱山(5713)の買い予想。 masmi1654 さんの売買予想。 目標株価： 1,200円 期間： 中期(数週間~数ヶ月) 理由： その他 買い",住友金属鉱山,2009/02/15,22:15,買い予想,masmi1654さん,304.66,967.0,+167.46,"1,200",中期(数週間～数ヶ月),その他,,"1,537.5",04月09日,12:36,C:\Users\naoya\Desktop\nikkei225\minkabu\Output/5713-住友金属鉱山/2017-04-09-12-31-26/comment\131.html
住友金属鉱山(5713)の買い予想。 RX78G3 さんの売買予想。 期間： 短期(数分~数日) 買い,住友金属鉱山,2009/01/27,08:26,買い予想,RX78G3さん,601.44,858.0,+224.86,--,短期(数分～数日),,１０００円台いくかな？,"1,537.5",04月09日,12:36,C:\Users\naoya\Desktop\nikkei225\minkabu\Output/5713-住友金属鉱山/2017-04-09-12-31-26/comment\132.html
住友金属鉱山(5713)の買い予想。 hoo*522 さんの売買予想。 目標株価： 980円 期間： 中期(数週間~数ヶ月) 理由： 業績(会社計画の修正発表を含む) かいましょか,住友金属鉱山,2009/01/17,18:24,買い予想,hoo*522さん,408.66,930.0,+185.44,980,中期(数週間～数ヶ月),業績(会社計画の修正発表を含む),いいやんいいやん,"1,537.5",04月09日,12:36,C:\Users\naoya\Desktop\nikkei225\minkabu\Output/5713-住友金属鉱山/2017-04-09-12-31-26/comment\133.html
住友金属鉱山(5713)の買い予想。 taroro2006 さんの売買予想。 目標株価： 920円 期間： 短期(数分~数日) 理由： 業績(会社計画の修正発表を含む) 買い,住友金属鉱山,2008/12/28,17:53,買い予想,taroro2006さん,365.53,911.0,+195.24,920,短期(数分～数日),業績(会社計画の修正発表を含む),非鉄金属は底を形成し、これからスーパーサイクルが始まる。チャート的には今が押し目か。松田産業や三菱マテリアルと並んで来年の有望株になる。,"1,537.5",04月09日,12:36,C:\Users\naoya\Desktop\nikkei225\minkabu\Output/5713-住友金属鉱山/2017-04-09-12-31-26/comment\134.html
住友金属鉱山(5713)の買い予想。 gangan0403 さんの売買予想。 期間： 長期(数ヶ月～数年) 理由： その他 買い,住友金属鉱山,2008/12/13,10:40,買い予想,gangan0403さん,-189.57,936.0,+182.43,--,長期(数ヶ月～数年),その他,,"1,537.5",04月09日,12:36,C:\Users\naoya\Desktop\nikkei225\minkabu\Output/5713-住友金属鉱山/2017-04-09-12-31-26/comment\135.html
"住友金属鉱山(5713)の買い予想。 ミミちゃん さんの売買予想。 目標株価： 1,200円 期間： 長期(数ヶ月～数年) 貴金属の金の価格が国内外で騰勢",住友金属鉱山,2008/12/12,01:12,買い予想,ミミちゃんさん,168.79,900.0,+201.10,"1,200",長期(数ヶ月～数年),,"貴金属の金の価格が国内外で騰勢を強めてきた。指標となるニューヨーク市場の先物は30日、大幅続伸し3カ月半ぶりの高値に上昇。日本国内の地金小売価格も1カ月前に比べ5％高い。世界的な経済不安でドルなど主要通貨への不信感が高まるなか、金が「無国籍通貨」として存在感を高めている。
日本では東京工業品取引所で投資単位が小さい金先物ミニ取引の建玉（未決済残高）が今月上旬に過去最高を記録。値下がりリスクはあるものの、毎日一定額の金を購入する「純金積み立て」の加入者も増加傾向にある。newsミミ 




自前で資源開発を進めており　資源そのものを多く押さえている。
菱刈金山をはじめ保有している鉱山の含み資産を考えた場合実質的な資産価値は莫大になる。NEWSミミ

１１日のＮＹ金先物が１トロイオンス＝８００ドル台を回復したほか、ニッケルも急反発したことが好感され８営業日ぶりに９００円台を回復
NEWSミミ","1,537.5",04月09日,12:36,C:\Users\naoya\Desktop\nikkei225\minkabu\Output/5713-住友金属鉱山/2017-04-09-12-31-26/comment\136.html
住友金属鉱山(5713)の売り予想。 mourou さんの売買予想。 目標株価： 660円 期間： 短期(数分~数日) 理由： 業績(会社計画の修正発表を含む) 非鉄は売り,住友金属鉱山,2008/12/04,22:14,売り予想,mourouさん,321.53,755.0,-295.09,660,短期(数分～数日),業績(会社計画の修正発表を含む),世界的な非鉄価格が下げ止まらない。,"1,537.5",04月09日,12:36,C:\Users\naoya\Desktop\nikkei225\minkabu\Output/5713-住友金属鉱山/2017-04-09-12-31-26/comment\137.html
住友金属鉱山(5713)の買い予想。 シェリ~~ さんの売買予想。 目標株価： 780円 期間： 中期(数週間~数ヶ月) 理由： 業績(会社計画の修正発表を含む) 金,住友金属鉱山,2008/11/25,18:19,買い予想,シェリ~~さん,809.28,730.0,+314.15,780,中期(数週間～数ヶ月),業績(会社計画の修正発表を含む),,"1,537.5",04月09日,12:36,C:\Users\naoya\Desktop\nikkei225\minkabu\Output/5713-住友金属鉱山/2017-04-09-12-31-26/comment\138.html
住友金属鉱山(5713)の買い予想。 アッチュ さんの売買予想。 目標株価： 750円 期間： 短期(数分~数日) 理由： チャート 買い,住友金属鉱山,2008/11/22,13:02,買い予想,アッチュさん,164.04,771.0,+282.33,750,短期(数分～数日),チャート,,"1,537.5",04月09日,12:36,C:\Users\naoya\Desktop\nikkei225\minkabu\Output/5713-住友金属鉱山/2017-04-09-12-31-26/comment\139.html
"住友金属鉱山(5713)の買い予想。 夢想人 さんの売買予想。 目標株価： 1,500円 期間： 中期(数週間~数ヶ月) 理由： チャート 買い予想 中期 目標株価1,500円",住友金属鉱山,2016/01/25,21:08,買い予想,夢想人さん,37.1,"1,208.5",+77.17,"1,500",中期(数週間～数ヶ月),チャート,,"1,537.5",04月09日,12:32,C:\Users\naoya\Desktop\nikkei225\minkabu\Output/5713-住友金属鉱山/2017-04-09-12-31-26/comment\14.html
住友金属鉱山(5713)の買い予想。 タカサギ さんの売買予想。 期間： 中期(数週間~数ヶ月) 買い,住友金属鉱山,2008/11/18,00:35,買い予想,タカサギさん,55.27,642.0,+396.19,--,中期(数週間～数ヶ月),,,"1,537.5",04月09日,12:36,C:\Users\naoya\Desktop\nikkei225\minkabu\Output/5713-住友金属鉱山/2017-04-09-12-31-26/comment\140.html
"住友金属鉱山(5713)の買い予想。 えとー さんの売買予想。 目標株価： 1,000円 期間： 長期(数ヶ月～数年) 理由： 業績(会社計画の修正発表を含む) 長期で",住友金属鉱山,2008/11/14,02:36,買い予想,えとーさん,-10.61,692.0,+347.02,"1,000",長期(数ヶ月～数年),業績(会社計画の修正発表を含む),,"1,537.5",04月09日,12:36,C:\Users\naoya\Desktop\nikkei225\minkabu\Output/5713-住友金属鉱山/2017-04-09-12-31-26/comment\141.html
住友金属鉱山(5713)の買い予想。 パンデル さんの売買予想。 期間： 中期(数週間~数ヶ月) 買い,住友金属鉱山,2008/10/27,23:56,買い予想,パンデルさん,41.05,570.0,+482.16,--,中期(数週間～数ヶ月),,。。。,"1,537.5",04月09日,12:36,C:\Users\naoya\Desktop\nikkei225\minkabu\Output/5713-住友金属鉱山/2017-04-09-12-31-26/comment\142.html
"住友金属鉱山(5713)の買い予想。 hiro☆shi さんの売買予想。 目標株価： 1,226円 期間： 長期(数ヶ月～数年) 理由： その他 買い",住友金属鉱山,2008/10/26,12:32,買い予想,hiro☆shiさん,437.08,617.0,+423.77,"1,226",長期(数ヶ月～数年),その他,"非鉄金属と電子材料が２本柱。資源開発・製錬に重点投資、ニッケルで非鉄メジャー入り狙う。
売上、利益とも約7割が金属及び金属加工部門。銅とニッケルが中心。
別子銅山から出発。鹿児島に菱刈鉱山という高品位金鉱山を所有。
原料確保のため海外鉱山の権益も獲得している。
販売は商社経由が主か。（07年度 住友商事12.8%、三井物産8.3%）


【ざっくり財務分析】 

（　2008年3月期→2009年3月期→2010年3月期→2011年3月期予想） 

【ＰＬ分析】　　　　　　　　　　　　（単位：百万円） 
売上高  1132372→793797(△29.9%)→725827(△8.6%)→ 740000(+2.0%)
営業利益  155394→ 10534(△93.2%)→66265 (+529.1%)→79000(+19.2%)
純利益　  137808→ 21974(△84.1%)→53952 (+145.5%)→67000(+24.2%)
EPS(%)    238.13→ 38.87(△83.7%)→96.26(+247.6%)→119.19(123.8%)

09年度は売上はか価格低下の影響により減収となったものの海外事業の寄与とコスト削減により営業増益。特損は事業再編損失引当金繰入額を18億円計上したものの前期の投資有価証券評価損46億円がなくなったことにより△50億円。税金費用が278億円増加。今期は堅調な需要と09年度並みの価格が期待できることから増収増益となる見込み。


【ＢＳ分析】　（単位：百万円） 　　　　　　　　　3/31現在
総資産　1,091,716(+17.5%)→  880,001(△19.4%)→ 981,458(+11.5%)
純資産　   640,345(+21.1%)→  547,251(△14.5%)→ 629,684(+15.1%)

BPS　　 1,017.96(+18.4%)→ 913.92(△10.2%)→ 1,043.50(+14.2%)
自己資本比率　54.0%（+ 0.6） →　57.3 （+  3.3） → 59.8（+2.5）

09年3月末現在の総資産は2,117億円減。その主な内訳は、現金預金258億円減、売上債権694億円減、在庫633億円減、投資有価証券520億円減。
10年3月末現在の総資産は1,014億円増。その主な内訳は、売上債権515億円減、在庫433億円増、投資有価証券543億円増。


【ＣＦ分析】　（単位：百万円） 
営業ＣＦ　157,383(+64.0%) →　128,000(△18.7%)→ 44,153(△65.5%)
投資ＣＦ△126,413(△63.3%) → △28,386(+77.5%)→△75,443(△265.8%)
ＦＣＦ　     30,970(+66.9%) →  　99,614(+221.6%)→△31,290(-)

営業ＣＦの減少は売上債権および在庫の増加によるもの。前期は有価証券の売却収入680億円有り。

【財務分析】 
ROA　　12.6%（△0.1） →　2.5%（△10.1）→5.5%（+3.0）
ROE　　25.4%（△3.6） →　4.0%（△21.4）→9.0%（+5.0）
売上高営業利益率　13.7%（△3.1） →　1.3%（△12.4）→9.1%（+7.8）

財務指標も順調に回復。


【株価分析】2010･8･16現在　1,076円 
PER（倍） 9.0（予想）
PBR（倍）1.0



【ざっくりバリュエーション】 
事業価値　　 700億円×0.6/8%＝5,250億円 
財産価値　 3,694億円（現金預金＋投資有価証券） 
有利子負債-2,009億円 
少持　　　  -431億円 
株主価値　 6,504億円 
株式数　　   5.6億株 
１株当たり 　1,161（0.9倍） 

フェアバリュー。

","1,537.5",04月09日,12:36,C:\Users\naoya\Desktop\nikkei225\minkabu\Output/5713-住友金属鉱山/2017-04-09-12-31-26/comment\143.html
住友金属鉱山(5713)の買い予想。 かつくん さんの売買予想。 目標株価： 1円 期間： 長期(数ヶ月～数年) 理由： その他 安い！！安すぎる！！,住友金属鉱山,2008/10/09,00:20,買い予想,かつくんさん,339.96,795.0,+265.22,1,長期(数ヶ月～数年),その他,安い！！安すぎる！！,"1,537.5",04月09日,12:36,C:\Users\naoya\Desktop\nikkei225\minkabu\Output/5713-住友金属鉱山/2017-04-09-12-31-26/comment\144.html
住友金属鉱山(5713)の買い予想。 ikoinokyuukeijo さんの売買予想。 期間： 長期(数ヶ月～数年) 買い,住友金属鉱山,2008/10/06,22:09,買い予想,ikoinokyuukeijoさん,488.22,830.0,+242.04,--,長期(数ヶ月～数年),,,"1,537.5",04月09日,12:36,C:\Users\naoya\Desktop\nikkei225\minkabu\Output/5713-住友金属鉱山/2017-04-09-12-31-26/comment\145.html
住友金属鉱山(5713)の買い予想。 爆飲み さんの売買予想。 期間： 長期(数ヶ月～数年) 理由： 業績(会社計画の修正発表を含む) 資源,住友金属鉱山,2008/09/16,14:24,買い予想,爆飲みさん,140.0,"1,032.0",+278.02,--,長期(数ヶ月～数年),業績(会社計画の修正発表を含む),"住友鉱は野村証がリポートで前向き評価(株式新聞)
2008/09/16(08:01)
http://minkabu.jp/stock/5713/news/16778

日本を代表する資源株。長期的な視点から資源の奪い合いは避けられないと思うので買いです！","1,537.5",04月09日,12:36,C:\Users\naoya\Desktop\nikkei225\minkabu\Output/5713-住友金属鉱山/2017-04-09-12-31-26/comment\146.html
"住友金属鉱山(5713)の買い予想。 masakazu1003 さんの売買予想。 目標株価： 1,280円 期間： 短期(数分~数日) 理由： チャート 買い",住友金属鉱山,2008/09/08,23:28,買い予想,masakazu1003さん,42.75,"1,186.0",+84.03,"1,280",短期(数分～数日),チャート,,"1,537.5",04月09日,12:36,C:\Users\naoya\Desktop\nikkei225\minkabu\Output/5713-住友金属鉱山/2017-04-09-12-31-26/comment\147.html
住友金属鉱山(5713)の売り予想。 かぶんちゅ さんの売買予想。 目標株価： 900円 期間： 中期(数週間~数ヶ月) 理由： チャート 商品は・・・,住友金属鉱山,2008/09/07,23:44,売り予想,かぶんちゅさん,25.13,"1,178.0",-87.02,900,中期(数週間～数ヶ月),チャート,商品市況はもうしばらく下がるでしょう。,"1,537.5",04月09日,12:36,C:\Users\naoya\Desktop\nikkei225\minkabu\Output/5713-住友金属鉱山/2017-04-09-12-31-26/comment\148.html
"住友金属鉱山(5713)の買い予想。 kaburanger さんの売買予想。 目標株価： 1,550円 期間： 中期(数週間~数ヶ月) 理由： チャート 上昇トレンド入りするかな",住友金属鉱山,2008/08/28,23:02,買い予想,kaburangerさん,159.62,"1,388.0",+30.42,"1,550",中期(数週間～数ヶ月),チャート,上昇トレンド入りするかな。,"1,537.5",04月09日,12:36,C:\Users\naoya\Desktop\nikkei225\minkabu\Output/5713-住友金属鉱山/2017-04-09-12-31-26/comment\149.html
住友金属鉱山(5713)の売り予想。 松岡政也 さんの売買予想。 目標株価： 700円 期間： 長期(数ヶ月～数年) 理由： その他 売り予想,住友金属鉱山,2015/12/04,15:33,売り予想,松岡政也さん,-25.38,"1,415.0",-24.81,700,長期(数ヶ月～数年),その他,"【株価分析結果】2015/12/04 01:26
　割安

  【総論】
　この銘柄は、みんかぶリサーチによる株価診断において過去比較で割安と判断され、また相対比較で割高と判断されます。しかし、過去比較の方が連動性が高いことから、現在の株価は「割安」と結論付けました。
　但し、この銘柄の株価が「1,935円」を超えると割高圏内に入ります。加えて、PBRが一倍割れなことから将来のキャッシュフローが悪化する見通しの場合を除き、長期的には下値リスクの軽減から買い圧力が高まる可能性があります。
　このように、この銘柄は現在の株価水準において割安と判断されますが、この結果は必ずしも今後の株価の上昇を示唆するものではありません。
投資判断においては、株主還元関連事項を中心に、企業や外部環境の動向に注視してください。


【過去比較】
　過去2年間において、この銘柄は配当利回りの変動幅が最も狭いことから株主還元策が投資判断で重視されている可能性があります。現状、配当利回りは過去平均値より高い為、過去比較の観点からは割安と判断されます。

【相対比較】
　一方、この銘柄のPERは同一業種分類銘柄の平均値と連動性が高い傾向にあります。つまり、この銘柄の投資判断では同一業種分類を対象に利益動向が比較されている可能性があります。
　結果、現在、この銘柄のPERは同一業種分類の平均値よりも高い為、相対比較の観点からは割高と判断されます。
","1,537.5",04月09日,12:32,C:\Users\naoya\Desktop\nikkei225\minkabu\Output/5713-住友金属鉱山/2017-04-09-12-31-26/comment\15.html
"住友金属鉱山,5713,SumitomoMetalMining,株価,株価予想,目標株価,株,株式,みんなの株式,みんかぶ,minkabu",住友金属鉱山,2008/07/25,13:45,売り予想,金だるまさん,-338.69,"1,343.0",-41.39,700,,,下がると思ったので,"1,537.5",04月09日,12:36,C:\Users\naoya\Desktop\nikkei225\minkabu\Output/5713-住友金属鉱山/2017-04-09-12-31-26/comment\150.html
"住友金属鉱山(5713)の買い予想。 BathAgent さんの売買予想。 目標株価： 2,000円 期間： 短期(数分~数日) 理由： チャート 反発局面、アク抜け",住友金属鉱山,2008/07/15,02:22,買い予想,BathAgentさん,154.26,"1,490.0",+8.87,"2,000",短期(数分～数日),チャート,"RT82
目標143%
","1,537.5",04月09日,12:36,C:\Users\naoya\Desktop\nikkei225\minkabu\Output/5713-住友金属鉱山/2017-04-09-12-31-26/comment\151.html
"住友金属鉱山(5713)の売り予想。 ほげほげ さんの売買予想。 目標株価： 1,430円 期間： 中期(数週間~数ヶ月) 理由： その他 まだ底ではないような・・・",住友金属鉱山,2008/07/08,00:49,売り予想,ほげほげさん,25.1,"1,517.0",-4.03,"1,430",中期(数週間～数ヶ月),その他,円安に動いているので、もう少し下げるんじゃないかなあ,"1,537.5",04月09日,12:36,C:\Users\naoya\Desktop\nikkei225\minkabu\Output/5713-住友金属鉱山/2017-04-09-12-31-26/comment\152.html
"住友金属鉱山(5713)の買い予想。 fizz さんの売買予想。 目標株価： 2,000円 期間： 中期(数週間~数ヶ月) 理由： 業績(会社計画の修正発表を含む) 買い",住友金属鉱山,2008/06/18,23:30,買い予想,fizzさん,-138.58,"1,729.0",-31.65,"2,000",中期(数週間～数ヶ月),業績(会社計画の修正発表を含む),,"1,537.5",04月09日,12:36,C:\Users\naoya\Desktop\nikkei225\minkabu\Output/5713-住友金属鉱山/2017-04-09-12-31-26/comment\153.html
"住友金属鉱山(5713)の買い予想。 Ally★love さんの売買予想。 目標株価： 2,000円 期間： 長期(数ヶ月～数年) 理由： 業績(会社計画の修正発表を含む) 買い",住友金属鉱山,2008/06/12,03:16,買い予想,Ally★loveさん,235.09,"1,650.0",-19.56,"2,000",長期(数ヶ月～数年),業績(会社計画の修正発表を含む),"とりあえず目標2000円。
(本音では3000円以上)
レアメタルへ投資する代わりに。","1,537.5",04月09日,12:37,C:\Users\naoya\Desktop\nikkei225\minkabu\Output/5713-住友金属鉱山/2017-04-09-12-31-26/comment\154.html
住友金属鉱山(5713)の買い予想。 気分上昇 さんの売買予想。 期間： 中期(数週間~数ヶ月) 理由： チャート 買い,住友金属鉱山,2008/06/09,20:50,買い予想,気分上昇さん,79.04,"1,736.0",-32.67,--,中期(数週間～数ヶ月),チャート,チャートの形がいい感じです。,"1,537.5",04月09日,12:37,C:\Users\naoya\Desktop\nikkei225\minkabu\Output/5713-住友金属鉱山/2017-04-09-12-31-26/comment\155.html
"住友金属鉱山(5713)の買い予想。 IRUKA さんの売買予想。 目標株価： 2,820円 期間： 中期(数週間~数ヶ月) 理由： その他 地合いがよければ",住友金属鉱山,2008/05/29,22:58,買い予想,IRUKAさん,231.92,"1,750.0",-34.69,"2,820",中期(数週間～数ヶ月),その他,"悪材料に現物売りで底をたたく。
信用買いも多く1500-1600円台まで見る向きもおおい。
全体の地合い次第だと思うが、売り方の我慢がどこまでできるか。
買い煽りが多いので売りたいが、資源株＋全体の地合いで買いに転換。","1,537.5",04月09日,12:37,C:\Users\naoya\Desktop\nikkei225\minkabu\Output/5713-住友金属鉱山/2017-04-09-12-31-26/comment\156.html
"住友金属鉱山(5713)の買い予想。 takumi4 さんの売買予想。 目標株価： 2,100円 買い",住友金属鉱山,2008/03/27,08:52,買い予想,takumi4さん,-60.95,"1,940.0",-59.14,"2,100",,,,"1,537.5",04月09日,12:37,C:\Users\naoya\Desktop\nikkei225\minkabu\Output/5713-住友金属鉱山/2017-04-09-12-31-26/comment\157.html
"住友金属鉱山(5713)の買い予想。 シュールブリタニア さんの売買予想。 目標株価： 4,000円 期間： 長期(数ヶ月～数年) 理由： 業績(会社計画の修正発表を含む) 今期のEPSに注目",住友金属鉱山,2008/03/21,09:29,買い予想,シュールブリタニアさん,90.57,"1,767.0",-74.18,"4,000",長期(数ヶ月～数年),業績(会社計画の修正発表を含む),2000円以下は安い(´∀｀*),"1,537.5",04月09日,12:37,C:\Users\naoya\Desktop\nikkei225\minkabu\Output/5713-住友金属鉱山/2017-04-09-12-31-26/comment\158.html
"住友金属鉱山,5713,SumitomoMetalMining,株価,株価予想,目標株価,株,株式,みんなの株式,みんかぶ,minkabu",住友金属鉱山,2008/03/12,15:22,買い予想,ayu19800701さん,-94.87,"2,055.0",-143.49,--,,,行くしかない,"1,537.5",04月09日,12:37,C:\Users\naoya\Desktop\nikkei225\minkabu\Output/5713-住友金属鉱山/2017-04-09-12-31-26/comment\159.html
"住友金属鉱山(5713)の買い予想。 鳴かず飛ばず さんの売買予想。 目標株価： 1,897円 期間： 中期(数週間~数ヶ月) 理由： 業績(会社計画の修正発表を含む) 株価診断結果「割安」に賛成",住友金属鉱山,2015/09/26,04:44,買い予想,鳴かず飛ばずさん,44.89,"1,446.5",+17.69,"1,896",中期(数週間～数ヶ月),業績(会社計画の修正発表を含む),"【株価分析結果】2015/09/26 01:30
　割安

  【総論】
　この銘柄は、みんかぶリサーチによる株価診断において過去比較で割安と判断され、また相対比較でも割安と判断されます。結果、現在の株価は「割安」と結論付けました。
　但し、この銘柄の株価が「1,991円」を超えると割高圏内に入ります。加えて、PBRが一倍割れなことから将来のキャッシュフローが悪化する見通しの場合を除き、長期的には下値リスクの軽減から買い圧力が高まる可能性があります。
　このように、この銘柄は現在の株価水準において割安と判断されますが、この結果は必ずしも今後の株価の上昇を示唆するものではありません。
投資判断においては、株主還元関連事項を中心に、企業や外部環境の動向に注視してください。


【過去比較】
　過去2年間において、この銘柄は配当利回りの変動幅が最も狭いことから株主還元策が投資判断で重視されている可能性があります。現状、配当利回りは過去平均値より高い為、過去比較の観点からは割安と判断されます。

【相対比較】
　一方、この銘柄のPERは同一業種分類銘柄の平均値と連動性が高い傾向にあります。つまり、この銘柄の投資判断では同一業種分類を対象に利益動向が比較されている可能性があります。
　結果、現在、この銘柄のPERは同一業種分類の平均値よりも低い為、相対比較の観点からは割安と判断されます。
","1,537.5",04月09日,12:32,C:\Users\naoya\Desktop\nikkei225\minkabu\Output/5713-住友金属鉱山/2017-04-09-12-31-26/comment\16.html
"住友金属鉱山,5713,SumitomoMetalMining,株価,株価予想,目標株価,株,株式,みんなの株式,みんかぶ,minkabu",住友金属鉱山,2008/02/19,23:45,売り予想,CrazyClimberさん,34.96,"1,987.0",+64.18,--,,,下がると思う,"1,537.5",04月09日,12:37,C:\Users\naoya\Desktop\nikkei225\minkabu\Output/5713-住友金属鉱山/2017-04-09-12-31-26/comment\160.html
"住友金属鉱山,5713,SumitomoMetalMining,株価,株価予想,目標株価,株,株式,みんなの株式,みんかぶ,minkabu",住友金属鉱山,2008/02/11,12:46,買い予想,ホットコーナー３１さん,-126.21,"1,559.0",-8.20,--,,,金の時代,"1,537.5",04月09日,12:37,C:\Users\naoya\Desktop\nikkei225\minkabu\Output/5713-住友金属鉱山/2017-04-09-12-31-26/comment\161.html
"住友金属鉱山,5713,SumitomoMetalMining,株価,株価予想,目標株価,株,株式,みんなの株式,みんかぶ,minkabu",住友金属鉱山,2008/01/28,11:33,買い予想,masterhiroさん,111.99,"1,712.0",-29.15,--,,,"２５日のロンドン自由金市場の金塊相場は一時１オンス＝９２３．４０ドルと、史上最高値を更新した。終値は、前日終値比６．６０ドル高の９１２．４５ドル。 
","1,537.5",04月09日,12:37,C:\Users\naoya\Desktop\nikkei225\minkabu\Output/5713-住友金属鉱山/2017-04-09-12-31-26/comment\162.html
"住友金属鉱山,5713,SumitomoMetalMining,株価,株価予想,目標株価,株,株式,みんなの株式,みんかぶ,minkabu",住友金属鉱山,2008/01/10,14:00,買い予想,mikeyさん,-284.8,"1,885.0",-52.57,--,,,金,"1,537.5",04月09日,12:37,C:\Users\naoya\Desktop\nikkei225\minkabu\Output/5713-住友金属鉱山/2017-04-09-12-31-26/comment\163.html
"住友金属鉱山,5713,SumitomoMetalMining,株価,株価予想,目標株価,株,株式,みんなの株式,みんかぶ,minkabu",住友金属鉱山,2008/01/10,13:16,買い予想,シュマロさん,294.85,"1,884.0",-52.44,--,,,最近は　株が駄目なので　資源株に　目が移る,"1,537.5",04月09日,12:37,C:\Users\naoya\Desktop\nikkei225\minkabu\Output/5713-住友金属鉱山/2017-04-09-12-31-26/comment\164.html
"住友金属鉱山,5713,SumitomoMetalMining,株価,株価予想,目標株価,株,株式,みんなの株式,みんかぶ,minkabu",住友金属鉱山,2007/12/26,09:21,売り予想,よしぴょん55さん,-11.89,"1,953.0",+60.35,--,,,非鉄市況の調整が続くと予想して。,"1,537.5",04月09日,12:37,C:\Users\naoya\Desktop\nikkei225\minkabu\Output/5713-住友金属鉱山/2017-04-09-12-31-26/comment\165.html
"住友金属鉱山,5713,SumitomoMetalMining,株価,株価予想,目標株価,株,株式,みんなの株式,みんかぶ,minkabu",住友金属鉱山,2007/12/03,10:41,買い予想,あしたのジョ～さん,132.17,"2,280.0",-92.72,--,,,"住友鉱がにぎわう、ロンドン株式市場で鉱山会社の再編思惑浮上(株式新聞社)
2007/11/30(17:34)
http://minkabu.jp/stock/5713/news/7989","1,537.5",04月09日,12:37,C:\Users\naoya\Desktop\nikkei225\minkabu\Output/5713-住友金属鉱山/2017-04-09-12-31-26/comment\166.html
"住友金属鉱山,5713,SumitomoMetalMining,株価,株価予想,目標株価,株,株式,みんなの株式,みんかぶ,minkabu",住友金属鉱山,2007/11/13,00:57,売り予想,yochansatoさん,94.23,"2,310.0",+94.97,--,,,ファンドの撤退の可能性あり,"1,537.5",04月09日,12:37,C:\Users\naoya\Desktop\nikkei225\minkabu\Output/5713-住友金属鉱山/2017-04-09-12-31-26/comment\167.html
"住友金属鉱山,5713,SumitomoMetalMining,株価,株価予想,目標株価,株,株式,みんなの株式,みんかぶ,minkabu",住友金属鉱山,2007/11/01,11:31,買い予想,abtraclubさん,24.13,"2,580.0",-115.01,--,,,買い,"1,537.5",04月09日,12:37,C:\Users\naoya\Desktop\nikkei225\minkabu\Output/5713-住友金属鉱山/2017-04-09-12-31-26/comment\168.html
住友金属鉱山(5713)の買い予想。 そばぢる さんの売買予想。 金金金金金金金金金金ｯｯｯｯｯｯｯｯｯｯ!!!,住友金属鉱山,2007/09/21,13:38,買い予想,そばぢるさん,19.81,"2,730.0",-124.31,--,,,かいますｯｯｯｯｯｯｯｯｯｯ!!!,"1,537.5",04月09日,12:37,C:\Users\naoya\Desktop\nikkei225\minkabu\Output/5713-住友金属鉱山/2017-04-09-12-31-26/comment\169.html
"住友金属鉱山(5713)の買い予想。 ドンゴロス松 さんの売買予想。 目標株価： 1,823円 期間： 中期(数週間~数ヶ月) 理由： 個人投資家の予想 個人投資家の意見「買い」に賛成",住友金属鉱山,2015/09/05,19:21,買い予想,ドンゴロス松さん,22.02,"1,392.5",+29.40,"1,823",中期(数週間～数ヶ月),個人投資家の予想,,"1,537.5",04月09日,12:32,C:\Users\naoya\Desktop\nikkei225\minkabu\Output/5713-住友金属鉱山/2017-04-09-12-31-26/comment\17.html
"住友金属鉱山,5713,SumitomoMetalMining,株価,株価予想,目標株価,株,株式,みんなの株式,みんかぶ,minkabu",住友金属鉱山,2007/08/28,07:55,買い予想,まめとぷーこさん,47.35,"2,270.0",-91.88,--,,,買いたい,"1,537.5",04月09日,12:37,C:\Users\naoya\Desktop\nikkei225\minkabu\Output/5713-住友金属鉱山/2017-04-09-12-31-26/comment\170.html
"住友金属鉱山,5713,SumitomoMetalMining,株価,株価予想,目標株価,株,株式,みんなの株式,みんかぶ,minkabu",住友金属鉱山,2007/08/26,07:11,買い予想,株トレ中さん,-38.69,"2,380.0",-100.78,--,,,再び,"1,537.5",04月09日,12:37,C:\Users\naoya\Desktop\nikkei225\minkabu\Output/5713-住友金属鉱山/2017-04-09-12-31-26/comment\171.html
"住友金属鉱山,5713,SumitomoMetalMining,株価,株価予想,目標株価,株,株式,みんなの株式,みんかぶ,minkabu",住友金属鉱山,2007/08/24,15:36,買い予想,河豚さん,-24.14,"2,380.0",-100.78,--,,,数か月ぶりに買いです。,"1,537.5",04月09日,12:37,C:\Users\naoya\Desktop\nikkei225\minkabu\Output/5713-住友金属鉱山/2017-04-09-12-31-26/comment\172.html
"住友金属鉱山,5713,SumitomoMetalMining,株価,株価予想,目標株価,株,株式,みんなの株式,みんかぶ,minkabu",住友金属鉱山,2007/07/30,23:34,買い予想,happymercusさん,-22.81,"2,990.0",-138.23,--,,,買い,"1,537.5",04月09日,12:37,C:\Users\naoya\Desktop\nikkei225\minkabu\Output/5713-住友金属鉱山/2017-04-09-12-31-26/comment\173.html
"住友金属鉱山,5713,SumitomoMetalMining,株価,株価予想,目標株価,株,株式,みんなの株式,みんかぶ,minkabu",住友金属鉱山,2007/07/26,14:18,売り予想,チューバッカさん,-2.71,"2,995.0",+138.28,--,,,金も安ければインフレヘッジと言えますが、こう高いと,"1,537.5",04月09日,12:37,C:\Users\naoya\Desktop\nikkei225\minkabu\Output/5713-住友金属鉱山/2017-04-09-12-31-26/comment\174.html
"住友金属鉱山,5713,SumitomoMetalMining,株価,株価予想,目標株価,株,株式,みんなの株式,みんかぶ,minkabu",住友金属鉱山,2007/07/24,23:16,買い予想,あいんさん,-70.09,"3,030.0",-280.32,--,,,"5711で410円から640円。乗り換えで5713。
ここまでの結果振り返ると乗り換えなかった方が吉でしたが…","1,537.5",04月09日,12:37,C:\Users\naoya\Desktop\nikkei225\minkabu\Output/5713-住友金属鉱山/2017-04-09-12-31-26/comment\175.html
"住友金属鉱山,5713,SumitomoMetalMining,株価,株価予想,目標株価,株,株式,みんなの株式,みんかぶ,minkabu",住友金属鉱山,2007/07/07,23:02,買い予想,あさっての投資家さん,354.24,"2,810.0",-128.87,--,,,"会社の次期見通しは売り上げ若干マイナスを予想していますが、今後の金・銅の価格の上昇によって利益が向上すると考えています。
そのため、短期では調整局面を迎えたとしても長期で上昇を期待できます。

懸念材料：
米景気の減速が発生すれば、電子部品等の売上げが落込む恐れがあります。
","1,537.5",04月09日,12:37,C:\Users\naoya\Desktop\nikkei225\minkabu\Output/5713-住友金属鉱山/2017-04-09-12-31-26/comment\176.html
"住友金属鉱山,5713,SumitomoMetalMining,株価,株価予想,目標株価,株,株式,みんなの株式,みんかぶ,minkabu",住友金属鉱山,2007/06/24,10:45,買い予想,キャッシュマンさん,-243.81,"2,700.0",-245.07,--,,,買えるのに～,"1,537.5",04月09日,12:37,C:\Users\naoya\Desktop\nikkei225\minkabu\Output/5713-住友金属鉱山/2017-04-09-12-31-26/comment\177.html
"住友金属鉱山,5713,SumitomoMetalMining,株価,株価予想,目標株価,株,株式,みんなの株式,みんかぶ,minkabu",住友金属鉱山,2007/06/21,18:06,買い予想,もりげんさん,-54.75,"2,690.0",-121.93,--,,,"昔は仕手株でしたが現在は株価が業績で説明がつく価格になっている。今から買い下がって行けば勝てる株です。
昔の株価の習性を知っている方が空売りを掛けてくると面白くなってくる。
4000円、いや5000円まであるかもしれません。
","1,537.5",04月09日,12:37,C:\Users\naoya\Desktop\nikkei225\minkabu\Output/5713-住友金属鉱山/2017-04-09-12-31-26/comment\178.html
"住友金属鉱山,5713,SumitomoMetalMining,株価,株価予想,目標株価,株,株式,みんなの株式,みんかぶ,minkabu",住友金属鉱山,2007/06/21,00:15,買い予想,ドラ輔利食夫さん,252.1,"2,590.0",-231.33,--,,,決算データはまずは合格、資産的に見ても大注目されてしかりの銘柄君です。ここ２週間は行ったり来たりの展開、そろそろ￥２５００～￥２６００で仕込み時ですかね。目標１．５ケ月→￥３１００～￥３２００。１兆円企業らしさの『株価』を見せてくれ。,"1,537.5",04月09日,12:37,C:\Users\naoya\Desktop\nikkei225\minkabu\Output/5713-住友金属鉱山/2017-04-09-12-31-26/comment\179.html
"住友金属鉱山(5713)の買い予想。 9811135 さんの売買予想。 目標株価： 2,296円 期間： 中期(数週間~数ヶ月) 理由： 業績(会社計画の修正発表を含む) 買い予想 中期 目標株価2,296円",住友金属鉱山,2015/01/19,12:55,買い予想,9811135さん,43.01,"1,672.5",-23.12,"2,296",中期(数週間～数ヶ月),業績(会社計画の修正発表を含む),,"1,537.5",04月09日,12:32,C:\Users\naoya\Desktop\nikkei225\minkabu\Output/5713-住友金属鉱山/2017-04-09-12-31-26/comment\18.html
"住友金属鉱山,5713,SumitomoMetalMining,株価,株価予想,目標株価,株,株式,みんなの株式,みんかぶ,minkabu",住友金属鉱山,2007/06/16,18:23,買い予想,財布のひもさん,140.0,"2,745.0",-125.19,--,,,"もうちょっと下がるかも？
押せば買いです。","1,537.5",04月09日,12:37,C:\Users\naoya\Desktop\nikkei225\minkabu\Output/5713-住友金属鉱山/2017-04-09-12-31-26/comment\180.html
"住友金属鉱山,5713,SumitomoMetalMining,株価,株価予想,目標株価,株,株式,みんなの株式,みんかぶ,minkabu",住友金属鉱山,2007/06/15,09:09,買い予想,ゆりさん,-60.09,"2,710.0",-123.13,--,,,上がるといいなー,"1,537.5",04月09日,12:37,C:\Users\naoya\Desktop\nikkei225\minkabu\Output/5713-住友金属鉱山/2017-04-09-12-31-26/comment\181.html
"住友金属鉱山,5713,SumitomoMetalMining,株価,株価予想,目標株価,株,株式,みんなの株式,みんかぶ,minkabu",住友金属鉱山,2007/06/14,10:58,買い予想,フッカツプロさん,58.9,"2,670.0",-241.43,--,,,"昨日は寄り付きで２０００株、２６５０円で売り、ＮＹ金の下げと
ＮＹ株安で最悪、大幅に実損しつつ２６００円割れを予想した。
残持株は６０００株、手仕舞うつもりだったが、本日の反騰で
強気に転換、ジャンボ宝くじは外れましたが、この株は宝くじ並、
非鉄相場に連動するとすれば、長期に保持（少なくとも年末まで）
することを決めました。３０００乗せ、新高値取りを期待します。
６月１５日、ＮＹ金反発、寄付、１０００株、２７１５円買い。
持株は７０００株へ。週明けの大幅上昇を期待します。","1,537.5",04月09日,12:37,C:\Users\naoya\Desktop\nikkei225\minkabu\Output/5713-住友金属鉱山/2017-04-09-12-31-26/comment\182.html
"住友金属鉱山(5713)の買い予想。 のるぞう さんの売買予想。 2,675円で2,000株買いました。",住友金属鉱山,2007/06/11,17:17,買い予想,のるぞうさん,-51.13,"2,715.0",-123.43,--,,,LMEの金属相場下落の影響で、今日は大幅に下げましたね。今日の下げ幅はオーバーシュート気味だったと思います。引けは上げて終わりましたので、明日の上げが楽しみです。今晩のLMEの動向に注目しましょう。,"1,537.5",04月09日,12:37,C:\Users\naoya\Desktop\nikkei225\minkabu\Output/5713-住友金属鉱山/2017-04-09-12-31-26/comment\183.html
"住友金属鉱山,5713,SumitomoMetalMining,株価,株価予想,目標株価,株,株式,みんなの株式,みんかぶ,minkabu",住友金属鉱山,2007/06/01,00:32,買い予想,セロテープさん,17.8,"2,775.0",-253.82,--,,,"まだ上昇余地十分
さらに非鉄金属相場が後押し","1,537.5",04月09日,12:38,C:\Users\naoya\Desktop\nikkei225\minkabu\Output/5713-住友金属鉱山/2017-04-09-12-31-26/comment\184.html
"住友金属鉱山,5713,SumitomoMetalMining,株価,株価予想,目標株価,株,株式,みんなの株式,みんかぶ,minkabu",住友金属鉱山,2007/05/27,23:01,買い予想,タコさん,-240.77,"2,675.0",-242.05,--,,,少々調整してもグングンさ！,"1,537.5",04月09日,12:38,C:\Users\naoya\Desktop\nikkei225\minkabu\Output/5713-住友金属鉱山/2017-04-09-12-31-26/comment\185.html
"住友金属鉱山,5713,SumitomoMetalMining,株価,株価予想,目標株価,株,株式,みんなの株式,みんかぶ,minkabu",住友金属鉱山,2007/05/24,19:18,売り予想,tany6190さん,-44.56,"2,670.0",+120.50,--,,,4月中旬からの急激な上昇相場も今週の調整を経て下降すると思う。,"1,537.5",04月09日,12:38,C:\Users\naoya\Desktop\nikkei225\minkabu\Output/5713-住友金属鉱山/2017-04-09-12-31-26/comment\186.html
"住友金属鉱山,5713,SumitomoMetalMining,株価,株価予想,目標株価,株,株式,みんなの株式,みんかぶ,minkabu",住友金属鉱山,2007/05/23,02:04,買い予想,びんビールさん,-128.26,"2,810.0",-128.87,--,,,非鉄でこのPER！,"1,537.5",04月09日,12:38,C:\Users\naoya\Desktop\nikkei225\minkabu\Output/5713-住友金属鉱山/2017-04-09-12-31-26/comment\187.html
"住友金属鉱山,5713,SumitomoMetalMining,株価,株価予想,目標株価,株,株式,みんなの株式,みんかぶ,minkabu",住友金属鉱山,2007/05/13,19:24,売り予想,maryuuさん,2.49,"2,935.0",+135.30,--,,,"掲示板の宣伝投稿で多数出没
","1,537.5",04月09日,12:38,C:\Users\naoya\Desktop\nikkei225\minkabu\Output/5713-住友金属鉱山/2017-04-09-12-31-26/comment\188.html
"住友金属鉱山,5713,SumitomoMetalMining,株価,株価予想,目標株価,株,株式,みんなの株式,みんかぶ,minkabu",住友金属鉱山,2007/05/10,08:53,買い予想,ロイジャーさん,-51.42,"2,930.0",-135.24,--,,,ﾏﾀﾞﾏﾀﾞあがるかな,"1,537.5",04月09日,12:38,C:\Users\naoya\Desktop\nikkei225\minkabu\Output/5713-住友金属鉱山/2017-04-09-12-31-26/comment\189.html
"住友金属鉱山(5713)の買い予想。 四王寺山のタカ さんの売買予想。 目標株価： 3,018円 期間： 長期(数ヶ月～数年) 理由： 配当(株主優待を含む) 株価診断結果「割高」に反対",住友金属鉱山,2014/11/24,18:50,買い予想,四王寺山のタカさん,49.51,"1,775.0",-38.20,"3,018",長期(数ヶ月～数年),配当(株主優待を含む),"【株価分析結果】2014/11/22 01:51　割高  【総論】　この銘柄は、みんかぶリサーチによる株価診断において過去比較で割高と判断され、また相対比較で割安と判断されます。しかし、過去比較の方が連動性が高いことから、現在の株価は「割高」と結論付けました。　但し、この銘柄の株価が「1,413円」を割ると割安圏内に入ります。　このように、この銘柄は現在の株価水準において割高と判断されますが、この結果は必ずしも今後の株価の下落を示唆するものではありません。投資判断においては、売上関連事項を中心に、企業や外部環境の動向に注視してください。【過去比較】　過去2年間において、この銘柄はPSRの変動幅が最も狭いことから売上動向が投資判断で重視されている可能性があります。現状、PSRは過去平均値より高い為、過去比較の観点からは割高と判断されます。【相対比較】　一方、この銘柄のPERは同一業種分類銘柄の平均値と連動性が高い傾向にあります。つまり、この銘柄の投資判断では同一業種分類を対象に利益動向が比較されている可能性があります。　結果、現在、この銘柄のPERは同一業種分類の平均値よりも低い為、相対比較の観点からは割安と判断されます。","1,537.5",04月09日,12:32,C:\Users\naoya\Desktop\nikkei225\minkabu\Output/5713-住友金属鉱山/2017-04-09-12-31-26/comment\19.html
"住友金属鉱山,5713,SumitomoMetalMining,株価,株価予想,目標株価,株,株式,みんなの株式,みんかぶ,minkabu",住友金属鉱山,2007/05/09,13:58,買い予想,茶そばさん,-71.69,"2,865.0",-131.85,--,,,"気なっている銅の高騰
影響され具合が楽しみです。","1,537.5",04月09日,12:38,C:\Users\naoya\Desktop\nikkei225\minkabu\Output/5713-住友金属鉱山/2017-04-09-12-31-26/comment\190.html
"住友金属鉱山,5713,SumitomoMetalMining,株価,株価予想,目標株価,株,株式,みんなの株式,みんかぶ,minkabu",住友金属鉱山,2007/05/08,12:26,買い予想,moneyouさん,-31.03,"2,725.0",-124.02,--,,,新興国経済発展恩恵大,"1,537.5",04月09日,12:38,C:\Users\naoya\Desktop\nikkei225\minkabu\Output/5713-住友金属鉱山/2017-04-09-12-31-26/comment\191.html
"住友金属鉱山,5713,SumitomoMetalMining,株価,株価予想,目標株価,株,株式,みんなの株式,みんかぶ,minkabu",住友金属鉱山,2007/05/05,23:09,買い予想,himeさん,対象外,"2,485.0",-108.53,--,,,今期連続の最高益,"1,537.5",04月09日,12:38,C:\Users\naoya\Desktop\nikkei225\minkabu\Output/5713-住友金属鉱山/2017-04-09-12-31-26/comment\192.html
"住友金属鉱山,5713,SumitomoMetalMining,株価,株価予想,目標株価,株,株式,みんなの株式,みんかぶ,minkabu",住友金属鉱山,2007/04/28,05:04,買い予想,アバクロさん,-114.43,"2,240.0",-89.30,--,,,業績いいですね。当分はだいじょぶそう。,"1,537.5",04月09日,12:38,C:\Users\naoya\Desktop\nikkei225\minkabu\Output/5713-住友金属鉱山/2017-04-09-12-31-26/comment\193.html
"住友金属鉱山,5713,SumitomoMetalMining,株価,株価予想,目標株価,株,株式,みんなの株式,みんかぶ,minkabu",住友金属鉱山,2007/04/27,04:26,買い予想,☆may☆さん,-1.81,"2,290.0",-93.56,--,,,金や銅、ニッケルも再びかなり上昇してきていて、株価はかなり上昇したがＰＥＲはまだ割安感が。,"1,537.5",04月09日,12:38,C:\Users\naoya\Desktop\nikkei225\minkabu\Output/5713-住友金属鉱山/2017-04-09-12-31-26/comment\194.html
"住友金属鉱山(5713)の売り予想。 クニハロー さんの売買予想。 目標株価： 1,458円 期間： 中期(数週間~数ヶ月) 理由： チャート 売り予想 中期 目標株価1,458円",住友金属鉱山,2017/04/05,00:38,売り予想,クニハローさん,-0.11,"1,550.5",+2.20,"1,458",中期(数週間～数ヶ月),チャート,,"1,537.5",04月09日,12:31,C:\Users\naoya\Desktop\nikkei225\minkabu\Output/5713-住友金属鉱山/2017-04-09-12-31-26/comment\2.html
"住友金属鉱山(5713)の買い予想。 burgendush さんの売買予想。 目標株価： 2,024円 期間： 長期(数ヶ月～数年) 理由： 個人投資家の予想 個人投資家の意見「買い」に賛成",住友金属鉱山,2014/10/26,13:39,買い予想,burgendushさん,-72.6,"1,430.0",+21.17,"2,024",長期(数ヶ月～数年),個人投資家の予想,,"1,537.5",04月09日,12:32,C:\Users\naoya\Desktop\nikkei225\minkabu\Output/5713-住友金属鉱山/2017-04-09-12-31-26/comment\20.html
"住友金属鉱山(5713)の買い予想。 minoru-takata さんの売買予想。 目標株価： 1,600円 期間： 中期(数週間~数ヶ月) 理由： 業績(会社計画の修正発表を含む) 増産",住友金属鉱山,2014/10/21,07:04,買い予想,minoru-takataさん,120.42,"1,418.5",+23.65,"1,600",中期(数週間～数ヶ月),業績(会社計画の修正発表を含む),,"1,537.5",04月09日,12:32,C:\Users\naoya\Desktop\nikkei225\minkabu\Output/5713-住友金属鉱山/2017-04-09-12-31-26/comment\21.html
"住友金属鉱山(5713)の買い予想。 ボケ さんの売買予想。 目標株価： 2,855円 期間： 短期(数分~数日) 理由： チャート 個人投資家の意見「買い」に賛成",住友金属鉱山,2014/06/01,16:07,買い予想,ボケさん,-51.65,"1,560.0",-4.28,"2,855",短期(数分～数日),チャート,,"1,537.5",04月09日,12:32,C:\Users\naoya\Desktop\nikkei225\minkabu\Output/5713-住友金属鉱山/2017-04-09-12-31-26/comment\22.html
"住友金属鉱山(5713)の買い予想。 catz さんの売買予想。 目標株価： 1,872円 期間： 中期(数週間~数ヶ月) 理由： 業績(会社計画の修正発表を含む) 株価診断結果「割高」に反対",住友金属鉱山,2014/04/17,12:53,買い予想,catzさん,182.23,"1,436.0",+19.90,"1,872",中期(数週間～数ヶ月),業績(会社計画の修正発表を含む),,"1,537.5",04月09日,12:32,C:\Users\naoya\Desktop\nikkei225\minkabu\Output/5713-住友金属鉱山/2017-04-09-12-31-26/comment\23.html
"住友金属鉱山(5713)の買い予想。 kyoryu さんの売買予想。 目標株価： 2,850円 期間： 中期(数週間~数ヶ月) 理由： チャート 個人投資家の意見「買い」に賛成",住友金属鉱山,2014/03/27,01:09,買い予想,kyoryuさん,58.02,"1,248.0",+65.73,"2,850",中期(数週間～数ヶ月),チャート,,"1,537.5",04月09日,12:32,C:\Users\naoya\Desktop\nikkei225\minkabu\Output/5713-住友金属鉱山/2017-04-09-12-31-26/comment\24.html
"住友金属鉱山(5713)の買い予想。 fujiko333 さんの売買予想。 目標株価： 1,636円 期間： 中期(数週間~数ヶ月) 理由： チャート 個人投資家の意見「買い」に賛成",住友金属鉱山,2014/03/19,09:48,買い予想,fujiko333さん,68.8,"1,242.0",+67.42,"1,636",中期(数週間～数ヶ月),チャート,逆張りとか？,"1,537.5",04月09日,12:32,C:\Users\naoya\Desktop\nikkei225\minkabu\Output/5713-住友金属鉱山/2017-04-09-12-31-26/comment\25.html
"住友金属鉱山(5713)の買い予想。 ダテマキ さんの売買予想。 目標株価： 1,671円 期間： 中期(数週間~数ヶ月) 理由： チャート 株価診断結果「割安」に賛成",住友金属鉱山,2013/12/09,07:51,買い予想,ダテマキさん,34.6,"1,299.0",+51.99,"1,671",中期(数週間～数ヶ月),チャート,"【株価分析結果】2013/12/07 01:48
　割安

  【総論】
　この銘柄は、みんかぶリサーチによる株価診断において過去比較で割安と判断され、また相対比較でも割安と判断されます。結果、現在の株価は「割安」と結論付けました。
　但し、この銘柄の株価が「1,376円」を超えると割高圏内に入ります。加えて、PBRが一倍割れなことから将来のキャッシュフローが悪化する見通しの場合を除き、長期的には下値リスクの軽減から買い圧力が高まる可能性があります。
　このように、この銘柄は現在の株価水準において割安と判断されますが、この結果は必ずしも今後の株価の上昇を示唆するものではありません。
投資判断においては、売上関連事項を中心に、企業や外部環境の動向に注視してください。


【過去比較】
　過去2年間において、この銘柄はPBRの変動幅が最も狭いことから純資産動向が投資判断で重視されている可能性があります。現状、PBRは過去平均値より低い為、過去比較の観点からは割安と判断されます。

【相対比較】
　一方、この銘柄のPSRは同一取引市場銘柄の平均値と連動性が高い傾向にあります。つまり、この銘柄の投資判断では同一取引市場を対象に売上動向が比較されている可能性があります。
　結果、現在、この銘柄のPSRは同一取引市場の平均値よりも低い為、相対比較の観点からは割安と判断されます。
","1,537.5",04月09日,12:32,C:\Users\naoya\Desktop\nikkei225\minkabu\Output/5713-住友金属鉱山/2017-04-09-12-31-26/comment\26.html
"住友金属鉱山(5713)の買い予想。 地球猛獣群 さんの売買予想。 目標株価： 1,317円 期間： 長期(数ヶ月～数年) 理由： 業績(会社計画の修正発表を含む) 準備中バウ。",住友金属鉱山,2013/12/06,13:51,買い予想,地球猛獣群さん,72.7,"1,282.0",+56.45,"1,317",長期(数ヶ月～数年),業績(会社計画の修正発表を含む),,"1,537.5",04月09日,12:32,C:\Users\naoya\Desktop\nikkei225\minkabu\Output/5713-住友金属鉱山/2017-04-09-12-31-26/comment\27.html
"住友金属鉱山(5713)の買い予想。 kurokurokun さんの売買予想。 目標株価： 2,800円 期間： 長期(数ヶ月～数年) 理由： その他 インフレに強い",住友金属鉱山,2013/10/03,01:12,買い予想,kurokurokunさん,-17.12,"1,377.0",+32.93,"2,800",長期(数ヶ月～数年),その他,今後インフレ政策、国策により人気化する。長期的にインド、中国で中間層が増加。金、銅、ニッケルの需要増加する。トヨタへハイブリッド、蓄電池電極材料を供給している。今後、ハイブリッド車、プラグインハイブリッド車の販売は伸びる。,"1,537.5",04月09日,12:32,C:\Users\naoya\Desktop\nikkei225\minkabu\Output/5713-住友金属鉱山/2017-04-09-12-31-26/comment\28.html
"住友金属鉱山(5713)の買い予想。 あっぷるぱい さんの売買予想。 目標株価： 1,500円 期間： 短期(数分~数日) 理由： チャート 買い",住友金属鉱山,2013/08/23,23:54,買い予想,あっぷるぱいさん,37.68,"1,362.0",+36.43,"1,500",短期(数分～数日),チャート,,"1,537.5",04月09日,12:32,C:\Users\naoya\Desktop\nikkei225\minkabu\Output/5713-住友金属鉱山/2017-04-09-12-31-26/comment\29.html
"住友金属鉱山(5713)の買い予想。 徳川慶喜 さんの売買予想。 目標株価： 1,817円 期間： 中期(数週間~数ヶ月) 理由： 業績(会社計画の修正発表を含む) 株価診断結果「割安」に賛成",住友金属鉱山,2017/04/01,11:55,買い予想,徳川慶喜さん,-2.73,"1,588.5",-9.30,"1,817",中期(数週間～数ヶ月),業績(会社計画の修正発表を含む),"【株価分析結果】2017/04/01 02:59　割安  【総論】　この銘柄は、みんかぶリサーチによる株価診断において過去比較で割高と判断され、また相対比較で割安と判断されます。しかし、相対比較の方が連動性が高いことから、現在の株価は「割安」と結論付けました。　但し、この銘柄の株価が「1,817円」を超えると割高圏内に入ります。なお、この銘柄は相対比較において割引評価される傾向にあり、理論株価はその点を考慮して算出されております。加えて、PBRが一倍割れなことから将来のキャッシュフローが悪化する見通しの場合を除き、長期的には下値リスクの軽減から買い圧力が高まる可能性があります。　このように、この銘柄は現在の株価水準において割安と判断されますが、この結果は必ずしも今後の株価の上昇を示唆するものではありません。投資判断においては、純資産関連事項を中心に、企業や外部環境の動向に注視してください。【過去比較】　過去2年間において、この銘柄はPSRの変動幅が最も狭いことから売上動向が投資判断で重視されている可能性があります。現状、PSRは過去平均値より高い為、過去比較の観点からは割高と判断されます。【相対比較】　一方、この銘柄のPBRは同一業種分類銘柄の平均値と連動性が高い傾向にあります。つまり、この銘柄の投資判断では同一業種分類を対象に純資産動向が比較されている可能性があります。また、この銘柄は相対比較において割引評価される傾向にある為、それを考慮します。　結果、現在、この銘柄の株価は相対比較の観点で割安と判断されます。","1,537.5",04月09日,12:31,C:\Users\naoya\Desktop\nikkei225\minkabu\Output/5713-住友金属鉱山/2017-04-09-12-31-26/comment\3.html
"住友金属鉱山(5713)の買い予想。 福之神 さんの売買予想。 目標株価： 1,320円 期間： 中期(数週間~数ヶ月) 理由： チャート 買いです",住友金属鉱山,2013/07/31,09:20,買い予想,福之神さん,287.47,"1,276.0",+58.05,"1,320",中期(数週間～数ヶ月),チャート,買い。http://yoseyo.net/5/5713/,"1,537.5",04月09日,12:32,C:\Users\naoya\Desktop\nikkei225\minkabu\Output/5713-住友金属鉱山/2017-04-09-12-31-26/comment\30.html
"住友金属鉱山(5713)の買い予想。 短期決戦 さんの売買予想。 目標株価： 1,500円 期間： 長期(数ヶ月～数年) 理由： その他 k",住友金属鉱山,2013/07/02,11:57,買い予想,短期決戦さん,131.46,"1,189.0",+83.10,"1,500",長期(数ヶ月～数年),その他,k,"1,537.5",04月09日,12:32,C:\Users\naoya\Desktop\nikkei225\minkabu\Output/5713-住友金属鉱山/2017-04-09-12-31-26/comment\31.html
"住友金属鉱山(5713)の買い予想。 レイジ５５ さんの売買予想。 目標株価： 1,188円 期間： 中期(数週間~数ヶ月) 理由： チャート 株価診断結果「割安」に賛成",住友金属鉱山,2013/06/25,07:23,買い予想,レイジ５５さん,79.8,"1,117.0",+106.79,"1,188",中期(数週間～数ヶ月),チャート,"【株価分析結果】2013/06/25 01:54
　割安

  【総論】
　この銘柄は、みんかぶリサーチによる株価診断において過去比較で割安と判断され、また相対比較でも割安と判断されます。結果、現在の株価は「割安」と結論付けました。
　但し、この銘柄の株価が「1,195円」を超えると割高圏内に入ります。加えて、PBRが一倍割れなことから将来のキャッシュフローが悪化する見通しの場合を除き、長期的には下値リスクの軽減から買い圧力が高まる可能性があります。
　このように、この銘柄は現在の株価水準において割安と判断されますが、この結果は必ずしも今後の株価の上昇を示唆するものではありません。
投資判断においては、売上関連事項を中心に、企業や外部環境の動向に注視してください。


【過去比較】
　過去2年間において、この銘柄は配当利回りの変動幅が最も狭いことから株主還元策が投資判断で重視されている可能性があります。現状、配当利回りは過去平均値より高い為、過去比較の観点からは割安と判断されます。

【相対比較】
　一方、この銘柄のPSRは同一取引市場銘柄の平均値と連動性が高い傾向にあります。つまり、この銘柄の投資判断では同一取引市場を対象に売上動向が比較されている可能性があります。
　結果、現在、この銘柄のPSRは同一取引市場の平均値よりも低い為、相対比較の観点からは割安と判断されます。
","1,537.5",04月09日,12:32,C:\Users\naoya\Desktop\nikkei225\minkabu\Output/5713-住友金属鉱山/2017-04-09-12-31-26/comment\32.html
"住友金属鉱山(5713)の買い予想。 チューリーちゃん さんの売買予想。 目標株価： 1,278円 期間： 長期(数ヶ月～数年) 理由： その他 買い",住友金属鉱山,2013/06/22,20:54,買い予想,チューリーちゃんさん,-195.34,"1,180.0",+85.91,"1,278",長期(数ヶ月～数年),その他,買い予想,"1,537.5",04月09日,12:32,C:\Users\naoya\Desktop\nikkei225\minkabu\Output/5713-住友金属鉱山/2017-04-09-12-31-26/comment\33.html
"住友金属鉱山(5713)の買い予想。 37 工事中 ! さんの売買予想。 目標株価： 1,500円 期間： 長期(数ヶ月～数年) 理由： その他 買い増し",住友金属鉱山,2013/06/12,20:20,買い予想,37 　 工事中 !さん,57.65,"1,205.0",+78.22,"1,500",長期(数ヶ月～数年),その他,金など下げてるがいい,"1,537.5",04月09日,12:32,C:\Users\naoya\Desktop\nikkei225\minkabu\Output/5713-住友金属鉱山/2017-04-09-12-31-26/comment\34.html
"住友金属鉱山(5713)の買い予想。 きくりん0124 さんの売買予想。 目標株価： 1,452円 期間： 中期(数週間~数ヶ月) 理由： チャート 個人投資家の意見「売り」に反対",住友金属鉱山,2013/05/30,08:44,買い予想,きくりん0124さん,-59.97,"1,302.0",+51.21,"1,452",中期(数週間～数ヶ月),チャート,,"1,537.5",04月09日,12:32,C:\Users\naoya\Desktop\nikkei225\minkabu\Output/5713-住友金属鉱山/2017-04-09-12-31-26/comment\35.html
"住友金属鉱山(5713)の買い予想。 あつさん さんの売買予想。 目標株価： 1,700円 期間： 中期(数週間~数ヶ月) 理由： 業績(会社計画の修正発表を含む) 個人投資家の意見「売り」に反対",住友金属鉱山,2013/05/15,10:47,買い予想,あつさんさん,49.44,"1,439.0",+19.26,"1,700",中期(数週間～数ヶ月),業績(会社計画の修正発表を含む),,"1,537.5",04月09日,12:32,C:\Users\naoya\Desktop\nikkei225\minkabu\Output/5713-住友金属鉱山/2017-04-09-12-31-26/comment\36.html
"住友金属鉱山(5713)の買い予想。 アナトリアの傭兵 さんの売買予想。 目標株価： 2,714円 期間： 長期(数ヶ月～数年) 理由： チャート 個人投資家の意見「売り」に反対",住友金属鉱山,2013/04/30,20:18,買い予想,アナトリアの傭兵さん,116.95,"1,350.0",+39.28,"2,714",長期(数ヶ月～数年),チャート,,"1,537.5",04月09日,12:32,C:\Users\naoya\Desktop\nikkei225\minkabu\Output/5713-住友金属鉱山/2017-04-09-12-31-26/comment\37.html
住友金属鉱山(5713)の売り予想。 WERD さんの売買予想。 目標株価： 968円 期間： 中期(数週間~数ヶ月) 理由： チャート 売り,住友金属鉱山,2013/04/12,20:21,売り予想,WERDさん,-109.54,"1,334.0",-43.59,968,中期(数週間～数ヶ月),チャート,,"1,537.5",04月09日,12:32,C:\Users\naoya\Desktop\nikkei225\minkabu\Output/5713-住友金属鉱山/2017-04-09-12-31-26/comment\38.html
"住友金属鉱山(5713)の買い予想。 takuchin さんの売買予想。 目標株価： 1,650円 期間： 長期(数ヶ月～数年) 理由： チャート 下がれば買い",住友金属鉱山,2013/04/05,22:33,買い予想,takuchinさん,177.44,"1,236.0",+69.13,"1,650",長期(数ヶ月～数年),チャート,株主に金でもくれないかなぁ,"1,537.5",04月09日,12:32,C:\Users\naoya\Desktop\nikkei225\minkabu\Output/5713-住友金属鉱山/2017-04-09-12-31-26/comment\39.html
"住友金属鉱山(5713)の買い予想。 Newジェントルマン さんの売買予想。 目標株価： 2,484円 期間： 中期(数週間~数ヶ月) 理由： その他 買い予想 中期 目標株価2,437円",住友金属鉱山,2017/02/26,15:25,買い予想,Newジェントルマンさん,-5.41,"1,556.0",-3.56,"2,484",中期(数週間～数ヶ月),その他,,"1,537.5",04月09日,12:31,C:\Users\naoya\Desktop\nikkei225\minkabu\Output/5713-住友金属鉱山/2017-04-09-12-31-26/comment\4.html
"住友金属鉱山(5713)の買い予想。 HAPIKA さんの売買予想。 目標株価： 2,269円 期間： 長期(数ヶ月～数年) 理由： 業績(会社計画の修正発表を含む) 個人投資家の意見「売り」に反対",住友金属鉱山,2013/04/02,15:45,買い予想,HAPIKAさん,317.31,"1,271.0",+59.40,"2,269",長期(数ヶ月～数年),業績(会社計画の修正発表を含む),,"1,537.5",04月09日,12:32,C:\Users\naoya\Desktop\nikkei225\minkabu\Output/5713-住友金属鉱山/2017-04-09-12-31-26/comment\40.html
"住友金属鉱山(5713)の買い予想。 kumiっクマ さんの売買予想。 目標株価： 2,000円 期間： 長期(数ヶ月～数年) 理由： その他 あがれ",住友金属鉱山,2013/03/29,21:05,買い予想,kumiっクマさん,209.02,"1,342.0",+41.21,"2,000",長期(数ヶ月～数年),その他,,"1,537.5",04月09日,12:32,C:\Users\naoya\Desktop\nikkei225\minkabu\Output/5713-住友金属鉱山/2017-04-09-12-31-26/comment\41.html
"住友金属鉱山(5713)の買い予想。 I am KUSO JINSEI さんの売買予想。 目標株価： 1,579円 期間： 中期(数週間~数ヶ月) 理由： チャート 買い",住友金属鉱山,2013/02/22,21:51,買い予想,I am KUSO JINSEIさん,74.83,"1,479.0",+11.05,"1,579",中期(数週間～数ヶ月),チャート,,"1,537.5",04月09日,12:32,C:\Users\naoya\Desktop\nikkei225\minkabu\Output/5713-住友金属鉱山/2017-04-09-12-31-26/comment\42.html
"住友金属鉱山(5713)の買い予想。 ek1007jp さんの売買予想。 目標株価： 1,600円 期間： 中期(数週間~数ヶ月) 理由： その他 個人投資家の意見「売り」に反対",住友金属鉱山,2013/02/05,20:26,買い予想,ek1007jpさん,1.94,"1,532.0",+0.83,"1,600",中期(数週間～数ヶ月),その他,ニッケル価格を見よ！,"1,537.5",04月09日,12:33,C:\Users\naoya\Desktop\nikkei225\minkabu\Output/5713-住友金属鉱山/2017-04-09-12-31-26/comment\43.html
"住友金属鉱山(5713)の買い予想。 star_kabunusiiii さんの売買予想。 目標株価： 5,000円 期間： 長期(数ヶ月～数年) 理由： 業績(会社計画の修正発表を含む) 買いで",住友金属鉱山,2013/01/13,17:13,買い予想,star_kabunusiiiiさん,45.51,"1,290.0",+54.33,"5,000",長期(数ヶ月～数年),業績(会社計画の修正発表を含む),金を生む,"1,537.5",04月09日,12:33,C:\Users\naoya\Desktop\nikkei225\minkabu\Output/5713-住友金属鉱山/2017-04-09-12-31-26/comment\44.html
"住友金属鉱山(5713)の買い予想。 bayraan さんの売買予想。 目標株価： 1,640円 期間： 長期(数ヶ月～数年) 理由： その他 買い",住友金属鉱山,2013/01/12,15:05,買い予想,bayraanさん,353.39,"1,290.0",+54.33,"1,640",長期(数ヶ月～数年),その他,,"1,537.5",04月09日,12:33,C:\Users\naoya\Desktop\nikkei225\minkabu\Output/5713-住友金属鉱山/2017-04-09-12-31-26/comment\45.html
"住友金属鉱山(5713)の買い予想。 ナイルの庭 さんの売買予想。 目標株価： 1,064円 期間： 中期(数週間~数ヶ月) 理由： 業績(会社計画の修正発表を含む) 個人投資家の意見「売り」に反対",住友金属鉱山,2012/11/14,20:13,買い予想,ナイルの庭さん,295.42,"1,017.0",+145.25,"1,064",中期(数週間～数ヶ月),業績(会社計画の修正発表を含む),,"1,537.5",04月09日,12:33,C:\Users\naoya\Desktop\nikkei225\minkabu\Output/5713-住友金属鉱山/2017-04-09-12-31-26/comment\46.html
住友金属鉱山(5713)の買い予想。 むかちゃん さんの売買予想。 目標株価： 808円 期間： 短期(数分~数日) 理由： 業績(会社計画の修正発表を含む) k,住友金属鉱山,2012/09/02,15:32,買い予想,むかちゃんさん,505.28,812.0,+253.71,808,短期(数分～数日),業績(会社計画の修正発表を含む),,"1,537.5",04月09日,12:33,C:\Users\naoya\Desktop\nikkei225\minkabu\Output/5713-住友金属鉱山/2017-04-09-12-31-26/comment\47.html
住友金属鉱山(5713)の買い予想。 moko♡ さんの売買予想。 目標株価： 846円 期間： 中期(数週間~数ヶ月) 理由： チャート 買い♡,住友金属鉱山,2012/07/26,08:46,買い予想,moko♡さん,338.94,812.0,+253.71,846,中期(数週間～数ヶ月),チャート,"全銘柄分析中で～す♡ 

ヨコヨコだね 
　(＊^_-＊)~♡ 
","1,537.5",04月09日,12:33,C:\Users\naoya\Desktop\nikkei225\minkabu\Output/5713-住友金属鉱山/2017-04-09-12-31-26/comment\48.html
住友金属鉱山(5713)の買い予想。 【ランキング１位】神様【５冠王】 さんの売買予想。 目標株価： 830円 期間： 長期(数ヶ月～数年) 理由： その他 個人投資家の意見「売り」に反対,住友金属鉱山,2012/07/25,23:12,買い予想,【ランキング１位】神様【５冠王】さん,591.12,812.0,+253.71,830,長期(数ヶ月～数年),その他,,"1,537.5",04月09日,12:33,C:\Users\naoya\Desktop\nikkei225\minkabu\Output/5713-住友金属鉱山/2017-04-09-12-31-26/comment\49.html
"住友金属鉱山(5713)の買い予想。 twitter88 さんの売買予想。 目標株価： 2,328円 期間： 長期(数ヶ月～数年) 理由： チャート 買い予想 長期 目標株価2,325円",住友金属鉱山,2017/02/14,21:42,買い予想,twitter88さん,-0.95,"1,654.0",-20.20,"2,328",長期(数ヶ月～数年),チャート,,"1,537.5",04月09日,12:31,C:\Users\naoya\Desktop\nikkei225\minkabu\Output/5713-住友金属鉱山/2017-04-09-12-31-26/comment\5.html
住友金属鉱山(5713)の買い予想。 AAI Fund さんの売買予想。 目標株価： 830円 期間： 長期(数ヶ月～数年) 理由： チャート kai,住友金属鉱山,2012/07/25,15:38,買い予想,AAI Fundさん,594.97,812.0,+253.71,830,長期(数ヶ月～数年),チャート,,"1,537.5",04月09日,12:33,C:\Users\naoya\Desktop\nikkei225\minkabu\Output/5713-住友金属鉱山/2017-04-09-12-31-26/comment\50.html
"住友金属鉱山(5713)の買い予想。 でくの坊 さんの売買予想。 目標株価： 1,233円 期間： 中期(数週間~数ヶ月) 理由： 業績(会社計画の修正発表を含む) 株価診断結果「割安」に賛成",住友金属鉱山,2012/07/01,19:10,買い予想,でくの坊さん,202.79,902.0,+200.02,"1,233",中期(数週間～数ヶ月),業績(会社計画の修正発表を含む),"【株価分析結果】2012/06/30 01:53
　割安

  【総論】
　この銘柄は、みんかぶリサーチによる株価診断において過去比較で割安と判断され、また相対比較でも割安と判断されます。結果、現在の株価は「割安」と結論付けました。
　但し、この銘柄の株価が「1,233円」を超えると割高圏内に入ります。なお、この銘柄は相対比較において割引評価される傾向にあり、理論株価はその点を考慮して算出されております。加えて、PBRが一倍割れなことから将来のキャッシュフローが悪化する見通しの場合を除き、長期的には下値リスクの軽減から買い圧力が高まる可能性があります。
　このように、この銘柄は現在の株価水準において割安と判断されますが、この結果は必ずしも今後の株価の上昇を示唆するものではありません。
投資判断においては、株主還元関連事項を中心に、企業や外部環境の動向に注視してください。


【過去比較】
　過去2年間において、この銘柄は配当利回りの変動幅が最も狭いことから株主還元策が投資判断で重視されている可能性があります。現状、配当利回りは過去平均値より高い為、過去比較の観点からは割安と判断されます。

【相対比較】
　一方、この銘柄の配当利回りは同一業種分類銘柄の平均値と連動性が高い傾向にあります。つまり、この銘柄の投資判断では同一業種分類を対象に株主還元策が比較されている可能性があります。また、この銘柄は相対比較において割引評価される傾向にある為、それを考慮します。
　結果、現在、この銘柄の株価は相対比較の観点で割安と判断されます。
","1,537.5",04月09日,12:33,C:\Users\naoya\Desktop\nikkei225\minkabu\Output/5713-住友金属鉱山/2017-04-09-12-31-26/comment\51.html
"住友金属鉱山(5713)の買い予想。 sagan さんの売買予想。 目標株価： 1,100円 期間： 中期(数週間~数ヶ月) 理由： チャート かうか",住友金属鉱山,2012/06/16,09:55,買い予想,saganさん,172.6,912.0,+194.71,"1,100",中期(数週間～数ヶ月),チャート,,"1,537.5",04月09日,12:33,C:\Users\naoya\Desktop\nikkei225\minkabu\Output/5713-住友金属鉱山/2017-04-09-12-31-26/comment\52.html
住友金属鉱山(5713)の買い予想。 当屋 さんの売買予想。 目標株価： 925円 期間： 中期(数週間~数ヶ月) 理由： その他 株価診断結果「割安」に賛成,住友金属鉱山,2012/06/16,00:56,買い予想,当屋さん,379.22,912.0,+389.43,925,中期(数週間～数ヶ月),その他,,"1,537.5",04月09日,12:33,C:\Users\naoya\Desktop\nikkei225\minkabu\Output/5713-住友金属鉱山/2017-04-09-12-31-26/comment\53.html
住友金属鉱山(5713)の買い予想。 アジア さんの売買予想。 目標株価： 911円 期間： 中期(数週間~数ヶ月) 理由： その他 ｋ,住友金属鉱山,2012/06/03,01:04,買い予想,アジアさん,609.13,848.0,+230.87,911,中期(数週間～数ヶ月),その他,,"1,537.5",04月09日,12:33,C:\Users\naoya\Desktop\nikkei225\minkabu\Output/5713-住友金属鉱山/2017-04-09-12-31-26/comment\54.html
"住友金属鉱山(5713)の買い予想。 nana1984 さんの売買予想。 目標株価： 1,100円 期間： 長期(数ヶ月～数年) 理由： 業績(会社計画の修正発表を含む) 反発",住友金属鉱山,2012/05/31,23:26,買い予想,nana1984さん,245.08,871.0,+217.26,"1,100",長期(数ヶ月～数年),業績(会社計画の修正発表を含む),"【株価分析結果】2012/05/31 01:52
　割安

  【総論】
　この銘柄は、みんかぶリサーチによる株価診断において過去比較で割安と判断され、また相対比較でも割安と判断されます。結果、現在の株価は「割安」と結論付けました。
　但し、この銘柄の株価が「1,272円」を超えると割高圏内に入ります。なお、この銘柄は相対比較において割引評価される傾向にあり、理論株価はその点を考慮して算出されております。加えて、PBRが一倍割れなことから将来のキャッシュフローが悪化する見通しの場合を除き、長期的には下値リスクの軽減から買い圧力が高まる可能性があります。
　このように、この銘柄は現在の株価水準において割安と判断されますが、この結果は必ずしも今後の株価の上昇を示唆するものではありません。
投資判断においては、株主還元関連事項を中心に、企業や外部環境の動向に注視してください。


【過去比較】
　過去2年間において、この銘柄は配当利回りの変動幅が最も狭いことから株主還元策が投資判断で重視されている可能性があります。現状、配当利回りは過去平均値より高い為、過去比較の観点からは割安と判断されます。

【相対比較】
　一方、この銘柄の配当利回りは同一業種分類銘柄の平均値と連動性が高い傾向にあります。つまり、この銘柄の投資判断では同一業種分類を対象に株主還元策が比較されている可能性があります。また、この銘柄は相対比較において割引評価される傾向にある為、それを考慮します。
　結果、現在、この銘柄の株価は相対比較の観点で割安と判断されます。

","1,537.5",04月09日,12:33,C:\Users\naoya\Desktop\nikkei225\minkabu\Output/5713-住友金属鉱山/2017-04-09-12-31-26/comment\55.html
住友金属鉱山(5713)の売り予想。 てゐ さんの売買予想。 目標株価： 880円 期間： 中期(数週間~数ヶ月) 理由： チャート もぐもぐ,住友金属鉱山,2012/05/17,09:26,売り予想,てゐさん,-370.37,930.0,-186.05,880,中期(数週間～数ヶ月),チャート,海外鉱山のコスト高により減収に!。,"1,537.5",04月09日,12:33,C:\Users\naoya\Desktop\nikkei225\minkabu\Output/5713-住友金属鉱山/2017-04-09-12-31-26/comment\56.html
"住友金属鉱山(5713)の買い予想。 howaitotaiga さんの売買予想。 目標株価： 1,198円 期間： 中期(数週間~数ヶ月) 理由： 業績(会社計画の修正発表を含む) そろそろ反転",住友金属鉱山,2012/05/16,19:07,買い予想,howaitotaigaさん,176.89,923.0,+189.00,"1,198",中期(数週間～数ヶ月),業績(会社計画の修正発表を含む),減産、コストアップ、今期、減収、減益予想も、そろそろ底値かな。半年後に期待。,"1,537.5",04月09日,12:33,C:\Users\naoya\Desktop\nikkei225\minkabu\Output/5713-住友金属鉱山/2017-04-09-12-31-26/comment\57.html
"住友金属鉱山(5713)の買い予想。 けすい さんの売買予想。 目標株価： 1,583円 期間： 中期(数週間~数ヶ月) 理由： 業績(会社計画の修正発表を含む) 株価診断結果「割安」に賛成",住友金属鉱山,2012/03/28,13:50,買い予想,けすいさん,323.98,"1,212.0",+76.13,"1,583",中期(数週間～数ヶ月),業績(会社計画の修正発表を含む),"【株価分析結果】2012/03/28 01:54
　割安

  【総論】
　この銘柄は、みんかぶリサーチによる株価診断において過去比較で割安と判断され、また相対比較でも割安と判断されます。結果、現在の株価は「割安」と結論付けました。
　但し、この銘柄の株価が「1,729円」を超えると割高圏内に入ります。
　このように、この銘柄は現在の株価水準において割安と判断されますが、この結果は必ずしも今後の株価の上昇を示唆するものではありません。
投資判断においては、株主還元関連事項を中心に、企業や外部環境の動向に注視してください。


【過去比較】
　過去2年間において、この銘柄はPBRの変動幅が最も狭いことから純資産動向が投資判断で重視されている可能性があります。現状、PBRは過去平均値より低い為、過去比較の観点からは割安と判断されます。

【相対比較】
　一方、この銘柄の配当利回りは同一業種分類銘柄の平均値と連動性が高い傾向にあります。つまり、この銘柄の投資判断では同一業種分類を対象に株主還元策が比較されている可能性があります。
　結果、現在、この銘柄の配当利回りは同一業種分類の平均値よりも高い為、相対比較の観点からは割安と判断されます。

","1,537.5",04月09日,12:33,C:\Users\naoya\Desktop\nikkei225\minkabu\Output/5713-住友金属鉱山/2017-04-09-12-31-26/comment\58.html
"住友金属鉱山(5713)の買い予想。 鷲津 さんの売買予想。 目標株価： 1,755円 期間： 長期(数ヶ月～数年) 理由： その他 買い",住友金属鉱山,2012/02/19,21:24,買い予想,鷲津さん,99.71,"1,200.0",+79.73,"1,755",長期(数ヶ月～数年),その他,買い,"1,537.5",04月09日,12:33,C:\Users\naoya\Desktop\nikkei225\minkabu\Output/5713-住友金属鉱山/2017-04-09-12-31-26/comment\59.html
"住友金属鉱山(5713)の買い予想。 masahira さんの売買予想。 目標株価： 1,800円 期間： 中期(数週間~数ヶ月) 理由： 業績(会社計画の修正発表を含む) 業績回復",住友金属鉱山,2016/11/04,08:26,買い予想,masahiraさん,137.88,"1,343.0",+40.97,"1,800",中期(数週間～数ヶ月),業績(会社計画の修正発表を含む),,"1,537.5",04月09日,12:31,C:\Users\naoya\Desktop\nikkei225\minkabu\Output/5713-住友金属鉱山/2017-04-09-12-31-26/comment\6.html
"住友金属鉱山(5713)の買い予想。 りょう＠南国から さんの売買予想。 目標株価： 1,698円 期間： 中期(数週間~数ヶ月) 理由： チャート 個人投資家の意見「売り」に反対",住友金属鉱山,2012/02/09,19:17,買い予想,りょう＠南国からさん,402.38,"1,141.0",+98.56,"1,698",中期(数週間～数ヶ月),チャート,,"1,537.5",04月09日,12:33,C:\Users\naoya\Desktop\nikkei225\minkabu\Output/5713-住友金属鉱山/2017-04-09-12-31-26/comment\60.html
"住友金属鉱山(5713)の買い予想。 ｊｆｋ1963 さんの売買予想。 目標株価： 2,490円 期間： 中期(数週間~数ヶ月) 理由： 業績(会社計画の修正発表を含む) 株価診断結果「割安」に賛成",住友金属鉱山,2012/01/06,09:41,買い予想,ｊｆｋ1963さん,349.52,993.0,+155.63,"2,490",中期(数週間～数ヶ月),業績(会社計画の修正発表を含む),"【株価分析結果】2012/01/06 01:40
　割安

  【総論】
　この銘柄は、みんかぶリサーチによる株価診断において過去比較で割安と判断され、また相対比較でも割安と判断されます。結果、現在の株価は「割安」と結論付けました。
　但し、この銘柄の株価が「2,490円」を超えると割高圏内に入ります。なお、この銘柄は相対比較において割引評価される傾向にあり、理論株価はその点を考慮して算出されております。加えて、PBRが一倍割れなことから将来のキャッシュフローが悪化する見通しの場合を除き、長期的には下値リスクの軽減から買い圧力が高まる可能性があります。
　このように、この銘柄は現在の株価水準において割安と判断されますが、この結果は必ずしも今後の株価の上昇を示唆するものではありません。
投資判断においては、利益関連事項を中心に、企業や外部環境の動向に注視してください。


【過去比較】
　過去2年間において、この銘柄はPBRの変動幅が最も狭いことから純資産動向が投資判断で重視されている可能性があります。現状、PBRは過去平均値より低い為、過去比較の観点からは割安と判断されます。

【相対比較】
　一方、この銘柄のPERは同一取引市場銘柄の平均値と連動性が高い傾向にあります。つまり、この銘柄の投資判断では同一取引市場を対象に利益動向が比較されている可能性があります。また、この銘柄は相対比較において割引評価される傾向にある為、それを考慮します。
　結果、現在、この銘柄の株価は相対比較の観点で割安と判断されます。

","1,537.5",04月09日,12:33,C:\Users\naoya\Desktop\nikkei225\minkabu\Output/5713-住友金属鉱山/2017-04-09-12-31-26/comment\61.html
"住友金属鉱山(5713)の買い予想。 battenhakata さんの売買予想。 目標株価： 1,113円 期間： 長期(数ヶ月～数年) 理由： 業績(会社計画の修正発表を含む) 長期的に見て買い。",住友金属鉱山,2011/11/30,14:52,買い予想,battenhakataさん,211.8,"1,010.0",+148.23,"1,113",長期(数ヶ月～数年),業績(会社計画の修正発表を含む),超優良で超割安。長期的に見て買い。,"1,537.5",04月09日,12:33,C:\Users\naoya\Desktop\nikkei225\minkabu\Output/5713-住友金属鉱山/2017-04-09-12-31-26/comment\62.html
"住友金属鉱山(5713)の買い予想。 めぐちゃん♪ さんの売買予想。 目標株価： 1,062円 期間： 長期(数ヶ月～数年) 理由： その他 ☆彡",住友金属鉱山,2011/11/29,20:58,買い予想,めぐちゃん♪さん,223.92,"1,015.0",+146.10,"1,062",長期(数ヶ月～数年),その他,,"1,537.5",04月09日,12:33,C:\Users\naoya\Desktop\nikkei225\minkabu\Output/5713-住友金属鉱山/2017-04-09-12-31-26/comment\63.html
"住友金属鉱山(5713)の買い予想。 goodknight1987 さんの売買予想。 目標株価： 1,200円 期間： 長期(数ヶ月～数年) 理由： その他 買い",住友金属鉱山,2011/11/14,13:21,買い予想,goodknight1987さん,319.77,"1,010.0",+148.23,"1,200",長期(数ヶ月～数年),その他,,"1,537.5",04月09日,12:33,C:\Users\naoya\Desktop\nikkei225\minkabu\Output/5713-住友金属鉱山/2017-04-09-12-31-26/comment\64.html
住友金属鉱山(5713)の売り予想。 morimoriman さんの売買予想。 目標株価： 927円 期間： 中期(数週間~数ヶ月) 理由： 業績(会社計画の修正発表を含む) 個人投資家の意見「売り」に賛成,住友金属鉱山,2011/11/09,19:02,売り予想,morimorimanさん,4.61,996.0,-154.88,927,中期(数週間～数ヶ月),業績(会社計画の修正発表を含む),,"1,537.5",04月09日,12:33,C:\Users\naoya\Desktop\nikkei225\minkabu\Output/5713-住友金属鉱山/2017-04-09-12-31-26/comment\65.html
"住友金属鉱山(5713)の買い予想。 しろ011 さんの売買予想。 目標株価： 3,000円 期間： 長期(数ヶ月～数年) 理由： チャート 個人投資家の意見「売り」に反対",住友金属鉱山,2011/10/26,10:20,買い予想,しろ011さん,392.53,"1,059.0",+128.21,"3,000",長期(数ヶ月～数年),チャート,金２２００．,"1,537.5",04月09日,12:33,C:\Users\naoya\Desktop\nikkei225\minkabu\Output/5713-住友金属鉱山/2017-04-09-12-31-26/comment\66.html
"住友金属鉱山(5713)の買い予想。 ポテトサラダ さんの売買予想。 目標株価： 1,792円 期間： 長期(数ヶ月～数年) 理由： その他 買い",住友金属鉱山,2011/08/28,00:23,買い予想,ポテトサラダさん,441.58,"1,201.0",+79.43,"1,792",長期(数ヶ月～数年),その他,,"1,537.5",04月09日,12:34,C:\Users\naoya\Desktop\nikkei225\minkabu\Output/5713-住友金属鉱山/2017-04-09-12-31-26/comment\67.html
"住友金属鉱山(5713)の買い予想。 s3-6-3 さんの売買予想。 目標株価： 1,852円 期間： 中期(数週間~数ヶ月) 理由： その他 株価診断結果「割安」に賛成",住友金属鉱山,2011/08/18,21:39,買い予想,s3-6-3さん,274.98,"1,218.0",+74.35,"1,852",中期(数週間～数ヶ月),その他,"【株価分析結果】2011/08/18 03:38
　割安

  【総論】
　この銘柄は、みんかぶリサーチによる株価診断において過去比較で割安と判断され、また相対比較でも割安と判断されます。結果、現在の株価は「割安」と結論付けました。
　但し、この銘柄の株価が「3,293円」を超えると割高圏内に入ります。なお、この銘柄は相対比較においてプレミアム評価される傾向にあり、理論株価はその点を考慮して算出されております。
　このように、この銘柄は現在の株価水準において割安と判断されますが、この結果は必ずしも今後の株価の上昇を示唆するものではありません。
投資判断においては、利益関連事項を中心に、企業や外部環境の動向に注視してください。


【過去比較】
　過去2年間において、この銘柄はPSRの変動幅が最も狭いことから売上動向が投資判断で重視されている可能性があります。現状、PSRは過去平均値より低い為、過去比較の観点からは割安と判断されます。

【相対比較】
　一方、この銘柄のPERは同一取引市場銘柄の平均値と連動性が高い傾向にあります。つまり、この銘柄の投資判断では同一取引市場を対象に利益動向が比較されている可能性があります。また、この銘柄は相対比較においてプレミアム評価される傾向にある為、それを考慮します。
　結果、現在、この銘柄の株価は相対比較の観点で割安と判断されます。","1,537.5",04月09日,12:34,C:\Users\naoya\Desktop\nikkei225\minkabu\Output/5713-住友金属鉱山/2017-04-09-12-31-26/comment\68.html
"住友金属鉱山(5713)の買い予想。 masappe さんの売買予想。 目標株価： 4,131円 期間： 長期(数ヶ月～数年) 理由： その他 これからインフレ",住友金属鉱山,2011/07/23,09:57,買い予想,masappeさん,29.28,"1,385.0",+31.10,"4,131",長期(数ヶ月～数年),その他,,"1,537.5",04月09日,12:34,C:\Users\naoya\Desktop\nikkei225\minkabu\Output/5713-住友金属鉱山/2017-04-09-12-31-26/comment\69.html
住友金属鉱山(5713)の売り予想。 エグゼクティブ・まっち さんの売買予想。 目標株価： 931円 期間： 長期(数ヶ月～数年) 理由： チャート 個人投資家の意見「買い」に反対,住友金属鉱山,2016/10/18,08:32,売り予想,エグゼクティブ・まっちさん,-14.13,"1,338.0",-42.61,931,長期(数ヶ月～数年),チャート,,"1,537.5",04月09日,12:31,C:\Users\naoya\Desktop\nikkei225\minkabu\Output/5713-住友金属鉱山/2017-04-09-12-31-26/comment\7.html
"住友金属鉱山(5713)の買い予想。 nanasato さんの売買予想。 目標株価： 1,380円 期間： 中期(数週間~数ヶ月) 理由： その他 買い",住友金属鉱山,2011/07/03,20:17,買い予想,nanasatoさん,319.0,"1,329.0",+44.39,"1,380",中期(数週間～数ヶ月),その他,,"1,537.5",04月09日,12:34,C:\Users\naoya\Desktop\nikkei225\minkabu\Output/5713-住友金属鉱山/2017-04-09-12-31-26/comment\70.html
"住友金属鉱山(5713)の買い予想。 alwida さんの売買予想。 目標株価： 3,765円 期間： 短期(数分~数日) 理由： 業績(会社計画の修正発表を含む) 個人投資家の意見「売り」に反対",住友金属鉱山,2011/06/05,18:27,買い予想,alwidaさん,410.5,"1,251.0",+64.89,"3,765",短期(数分～数日),業績(会社計画の修正発表を含む),さよならハニー,"1,537.5",04月09日,12:34,C:\Users\naoya\Desktop\nikkei225\minkabu\Output/5713-住友金属鉱山/2017-04-09-12-31-26/comment\71.html
"住友金属鉱山(5713)の買い予想。 ks9*78 さんの売買予想。 目標株価： 1,430円 期間： 中期(数週間~数ヶ月) 理由： 業績(会社計画の修正発表を含む) 個人投資家の意見「売り」に反対",住友金属鉱山,2011/06/01,19:33,買い予想,ks9*78さん,61.55,"1,268.0",+60.21,"1,430",中期(数週間～数ヶ月),業績(会社計画の修正発表を含む),,"1,537.5",04月09日,12:34,C:\Users\naoya\Desktop\nikkei225\minkabu\Output/5713-住友金属鉱山/2017-04-09-12-31-26/comment\72.html
"住友金属鉱山(5713)の買い予想。 prenomair さんの売買予想。 目標株価： 2,000円 期間： 中期(数週間~数ヶ月) 理由： 業績(会社計画の修正発表を含む) 割安",住友金属鉱山,2011/04/09,18:52,買い予想,prenomairさん,105.15,"1,465.0",+13.87,"2,000",中期(数週間～数ヶ月),業績(会社計画の修正発表を含む),ペーパーマネーに対する不安と、産業面での貴金属需要の高まりが相乗効果となり、貴金属価格は未開の領域へ。菱刈鉱山の本領が発揮される。,"1,537.5",04月09日,12:34,C:\Users\naoya\Desktop\nikkei225\minkabu\Output/5713-住友金属鉱山/2017-04-09-12-31-26/comment\73.html
"住友金属鉱山(5713)の買い予想。 gets-gets-gets さんの売買予想。 目標株価： 1,500円 期間： 中期(数週間~数ヶ月) 理由： その他 個人投資家の意見「売り」に反対",住友金属鉱山,2011/04/07,05:56,買い予想,gets-gets-getsさん,-59.76,"1,466.0",+13.67,"1,500",中期(数週間～数ヶ月),その他,,"1,537.5",04月09日,12:34,C:\Users\naoya\Desktop\nikkei225\minkabu\Output/5713-住友金属鉱山/2017-04-09-12-31-26/comment\74.html
"住友金属鉱山(5713)の買い予想。 タオ_ さんの売買予想。 目標株価： 1,449円 期間： 中期(数週間~数ヶ月) 理由： 業績(会社計画の修正発表を含む) 株価診断結果「割安」に賛成",住友金属鉱山,2011/03/20,15:49,買い予想,タオ_さん,448.78,"1,368.0",+35.02,"1,449",中期(数週間～数ヶ月),業績(会社計画の修正発表を含む),"【株価分析結果】2011/03/19 03:20
　割安

  【総論】
　この銘柄は、みんかぶリサーチによる株価診断において過去比較で割高と判断され、また相対比較で割安と判断されます。しかし、相対比較の方が連動性が高いことから、現在の株価は「割安」と結論付けました。
　但し、この銘柄の株価が「1,764円」を超えると割高圏内に入ります。
　このように、この銘柄は現在の株価水準において割安と判断されますが、この結果は必ずしも今後の株価の上昇を示唆するものではありません。
投資判断においては、利益関連事項を中心に、企業や外部環境の動向に注視してください。


【過去比較】
　過去2年間において、この銘柄はPSRの変動幅が最も狭いことから売上動向が投資判断で重視されている可能性があります。現状、PSRは過去平均値より高い為、過去比較の観点からは割高と判断されます。

【相対比較】
　一方、この銘柄のPERは日本株全体銘柄の平均値と連動性が高い傾向にあります。つまり、この銘柄の投資判断では日本株全体を対象に利益動向が比較されている可能性があります。
　結果、現在、この銘柄のPERは日本株全体の平均値よりも低い為、相対比較の観点からは割安と判断されます。

","1,537.5",04月09日,12:34,C:\Users\naoya\Desktop\nikkei225\minkabu\Output/5713-住友金属鉱山/2017-04-09-12-31-26/comment\75.html
住友金属鉱山(5713)の売り予想。 min**u12*5kat*ri さんの売買予想。 目標株価： 942円 期間： 中期(数週間~数ヶ月) 理由： 業績(会社計画の修正発表を含む) 株価診断結果「割安」に反対,住友金属鉱山,2011/01/30,09:10,売り予想,min**u12*5kat*riさん,265.74,"1,345.0",-40.90,942,中期(数週間～数ヶ月),業績(会社計画の修正発表を含む),"【株価分析結果】2011/01/29 03:18
　割安

  【総論】
　この銘柄は、みんかぶリサーチによる株価診断において過去比較で割高と判断され、また相対比較で割安と判断されます。しかし、相対比較の方が連動性が高いことから、現在の株価は「割安」と結論付けました。
　但し、この銘柄の株価が「2,509円」を超えると割高圏内に入ります。なお、この銘柄は相対比較においてプレミアム評価される傾向にあり、理論株価はその点を考慮して算出されております。
　このように、この銘柄は現在の株価水準において割安と判断されますが、この結果は必ずしも今後の株価の上昇を示唆するものではありません。
投資判断においては、利益関連事項を中心に、企業や外部環境の動向に注視してください。


【過去比較】
　過去2年間において、この銘柄はPSRの変動幅が最も狭いことから売上動向が投資判断で重視されている可能性があります。現状、PSRは過去平均値より高い為、過去比較の観点からは割高と判断されます。

【相対比較】
　一方、この銘柄のPERは同一取引市場銘柄の平均値と連動性が高い傾向にあります。つまり、この銘柄の投資判断では同一取引市場を対象に利益動向が比較されている可能性があります。また、この銘柄は相対比較においてプレミアム評価される傾向にある為、それを考慮します。
　結果、現在、この銘柄の株価は相対比較の観点で割安と判断されます。

","1,537.5",04月09日,12:34,C:\Users\naoya\Desktop\nikkei225\minkabu\Output/5713-住友金属鉱山/2017-04-09-12-31-26/comment\76.html
"住友金属鉱山(5713)の買い予想。 みんなの渋柿 さんの売買予想。 目標株価： 1,561円 期間： 長期(数ヶ月～数年) 理由： その他 カ",住友金属鉱山,2011/01/02,15:45,買い予想,みんなの渋柿さん,297.63,"1,444.0",+18.21,"1,561",長期(数ヶ月～数年),その他,非鉄金属と電子材料が２本柱。資源開発・製錬に重点投資、ニッケルで非鉄メジャー入り狙う。,"1,537.5",04月09日,12:34,C:\Users\naoya\Desktop\nikkei225\minkabu\Output/5713-住友金属鉱山/2017-04-09-12-31-26/comment\77.html
"住友金属鉱山(5713)の売り予想。 ・・・・・・・・888・・・・・・・・ さんの売買予想。 目標株価： 1,238円 期間： 長期(数ヶ月～数年) 理由： チャート 売り",住友金属鉱山,2010/12/08,17:37,売り予想,・・・・・・・・888・・・・・・・・さん,-201.63,"1,371.0",-34.74,"1,238",長期(数ヶ月～数年),チャート,,"1,537.5",04月09日,12:34,C:\Users\naoya\Desktop\nikkei225\minkabu\Output/5713-住友金属鉱山/2017-04-09-12-31-26/comment\78.html
"住友金属鉱山(5713)の買い予想。 dover さんの売買予想。 目標株価： 2,500円 個人投資家の意見「売り」に反対",住友金属鉱山,2010/12/01,13:26,買い予想,doverさん,75.34,"1,305.0",+50.44,"2,500",,,,"1,537.5",04月09日,12:34,C:\Users\naoya\Desktop\nikkei225\minkabu\Output/5713-住友金属鉱山/2017-04-09-12-31-26/comment\79.html
"住友金属鉱山(5713)の買い予想。 t-oku さんの売買予想。 目標株価： 1,599円 期間： 中期(数週間~数ヶ月) 理由： 個人投資家の予想 個人投資家の意見「買い」に賛成",住友金属鉱山,2016/07/25,15:28,買い予想,t-okuさん,47.03,"1,210.0",+76.73,"1,599",中期(数週間～数ヶ月),個人投資家の予想,,"1,537.5",04月09日,12:31,C:\Users\naoya\Desktop\nikkei225\minkabu\Output/5713-住友金属鉱山/2017-04-09-12-31-26/comment\8.html
"住友金属鉱山(5713)の買い予想。 ねこらｰ さんの売買予想。 目標株価： 1,500円 期間： 長期(数ヶ月～数年) 理由： 業績(会社計画の修正発表を含む) 長期で…",住友金属鉱山,2010/11/25,23:18,買い予想,ねこらｰさん,277.93,"1,340.0",+41.69,"1,500",長期(数ヶ月～数年),業績(会社計画の修正発表を含む),惹かれるものがありまして,"1,537.5",04月09日,12:34,C:\Users\naoya\Desktop\nikkei225\minkabu\Output/5713-住友金属鉱山/2017-04-09-12-31-26/comment\80.html
"住友金属鉱山(5713)の買い予想。 fpb さんの売買予想。 目標株価： 1,450円 期間： 中期(数週間~数ヶ月) 理由： 業績(会社計画の修正発表を含む) 個人投資家の意見「売り」に反対",住友金属鉱山,2010/11/23,00:26,買い予想,fpbさん,200.38,"1,343.0",+40.97,"1,450",中期(数週間～数ヶ月),業績(会社計画の修正発表を含む),,"1,537.5",04月09日,12:34,C:\Users\naoya\Desktop\nikkei225\minkabu\Output/5713-住友金属鉱山/2017-04-09-12-31-26/comment\81.html
"住友金属鉱山(5713)の売り予想。 これかわぎんぞう2世 さんの売買予想。 目標株価： 1,150円 期間： 中期(数週間~数ヶ月) ＵＲＩ",住友金属鉱山,2010/10/20,10:01,売り予想,これかわぎんぞう2世さん,-377.96,"1,327.0",-45.32,"1,150",中期(数週間～数ヶ月),,,"1,537.5",04月09日,12:34,C:\Users\naoya\Desktop\nikkei225\minkabu\Output/5713-住友金属鉱山/2017-04-09-12-31-26/comment\82.html
"住友金属鉱山(5713)の買い予想。 ショーストッパー さんの売買予想。 目標株価： 1,600円 期間： 中期(数週間~数ヶ月) 金の高騰",住友金属鉱山,2010/10/08,15:51,買い予想,ショーストッパーさん,-11.81,"1,405.0",+26.61,"1,600",中期(数週間～数ヶ月),,,"1,537.5",04月09日,12:34,C:\Users\naoya\Desktop\nikkei225\minkabu\Output/5713-住友金属鉱山/2017-04-09-12-31-26/comment\83.html
住友金属鉱山(5713)の買い予想。 穏やかﾘﾗｯｸﾏ さんの売買予想。 目標株価： 0円 期間： 短期(数分~数日) かい,住友金属鉱山,2010/09/29,12:05,買い予想,穏やかﾘﾗｯｸﾏさん,75.71,"1,300.0",+51.73,--,短期(数分～数日),,,"1,537.5",04月09日,12:34,C:\Users\naoya\Desktop\nikkei225\minkabu\Output/5713-住友金属鉱山/2017-04-09-12-31-26/comment\84.html
"住友金属鉱山(5713)の買い予想。 ｍｏｍｏｎｇａ さんの売買予想。 目標株価： 1,450円 期間： 中期(数週間~数ヶ月) 理由： チャート 買い",住友金属鉱山,2010/09/23,23:12,買い予想,ｍｏｍｏｎｇａさん,401.27,"1,251.0",+64.89,"1,450",中期(数週間～数ヶ月),チャート,,"1,537.5",04月09日,12:34,C:\Users\naoya\Desktop\nikkei225\minkabu\Output/5713-住友金属鉱山/2017-04-09-12-31-26/comment\85.html
"住友金属鉱山(5713)の買い予想。 komkom(*~(ｴ)~*) さんの売買予想。 目標株価： 1,300円 期間： 中期(数週間~数ヶ月) 買い(’(エ)’) ",住友金属鉱山,2010/09/06,09:44,買い予想,komko,268.64,"1,188.0",+83.41,"1,300",中期(数週間～数ヶ月),,,"1,537.5",04月09日,12:34,C:\Users\naoya\Desktop\nikkei225\minkabu\Output/5713-住友金属鉱山/2017-04-09-12-31-26/comment\86.html
"住友金属鉱山(5713)の買い予想。 ｻﾗﾃﾞｨﾝ さんの売買予想。 目標株価： 1,200円 期間： 中期(数週間~数ヶ月) 理由： その他 買い",住友金属鉱山,2010/08/18,12:53,買い予想,ｻﾗﾃﾞｨﾝさん,138.87,"1,076.0",+121.69,"1,200",中期(数週間～数ヶ月),その他,,"1,537.5",04月09日,12:34,C:\Users\naoya\Desktop\nikkei225\minkabu\Output/5713-住友金属鉱山/2017-04-09-12-31-26/comment\87.html
"住友金属鉱山(5713)の買い予想。 cyuukakai さんの売買予想。 目標株価： 1,500円 期間： 中期(数週間~数ヶ月) 理由： 業績(会社計画の修正発表を含む) 株価診断結果「割安」に賛成",住友金属鉱山,2010/08/16,17:57,買い予想,cyuukakaiさん,151.81,"1,056.0",+129.38,"1,500",中期(数週間～数ヶ月),業績(会社計画の修正発表を含む),"【株価分析結果】2010/08/14 03:19
　割安

  【総論】
　この銘柄は、みんかぶリサーチによる株価診断において過去比較で割安と判断され、また相対比較でも割安と判断されます。結果、現在の株価は「割安」と結論付けました。
　但し、この銘柄の株価が「1,666円」を超えると割高圏内に入ります。
　このように、この銘柄は現在の株価水準において割安と判断されますが、この結果は必ずしも今後の株価の上昇を示唆するものではありません。
投資判断においては、株主還元関連事項を中心に、企業や外部環境の動向に注視してください。


【過去比較】
　過去2年間において、この銘柄は配当利回りの変動幅が最も狭いことから株主還元策が投資判断で重視されている可能性があります。現状、配当利回りは過去平均値より高い為、過去比較の観点からは割安と判断されます。

【相対比較】
　一方、この銘柄のPERは同一取引市場銘柄の平均値と連動性が高い傾向にあります。つまり、この銘柄の投資判断では同一取引市場を対象に利益動向が比較されている可能性があります。また、この銘柄は相対比較においてプレミアム評価される傾向にある為、それを考慮します。
　結果、現在、この銘柄の株価は相対比較の観点で割安と判断されます。

","1,537.5",04月09日,12:34,C:\Users\naoya\Desktop\nikkei225\minkabu\Output/5713-住友金属鉱山/2017-04-09-12-31-26/comment\88.html
"住友金属鉱山(5713)の買い予想。 inoopy02 さんの売買予想。 目標株価： 1,400円 期間： 長期(数ヶ月～数年) 理由： 業績(会社計画の修正発表を含む) 個人投資家の意見「売り」に反対",住友金属鉱山,2010/07/21,21:20,買い予想,inoopy02さん,-54.63,"1,068.0",+124.74,"1,400",長期(数ヶ月～数年),業績(会社計画の修正発表を含む),"中国の需要はさほど落ち込んでいない
来年度上昇予想","1,537.5",04月09日,12:34,C:\Users\naoya\Desktop\nikkei225\minkabu\Output/5713-住友金属鉱山/2017-04-09-12-31-26/comment\89.html
"住友金属鉱山(5713)の買い予想。 fsicon さんの売買予想。 目標株価： 1,216円 期間： 中期(数週間~数ヶ月) 理由： 個人投資家の予想 買い予想 中期 目標株価1,211円",住友金属鉱山,2016/07/17,22:05,買い予想,fsiconさん,11.38,"1,186.5",+83.88,"1,216",中期(数週間～数ヶ月),個人投資家の予想,,"1,537.5",04月09日,12:31,C:\Users\naoya\Desktop\nikkei225\minkabu\Output/5713-住友金属鉱山/2017-04-09-12-31-26/comment\9.html
"住友金属鉱山(5713)の買い予想。 TAKA29810 さんの売買予想。 目標株価： 1,300円 期間： 短期(数分~数日) 理由： その他 短期",住友金属鉱山,2010/07/06,23:50,買い予想,TAKA29810さん,256.13,"1,097.0",+113.92,"1,300",短期(数分～数日),その他,,"1,537.5",04月09日,12:34,C:\Users\naoya\Desktop\nikkei225\minkabu\Output/5713-住友金属鉱山/2017-04-09-12-31-26/comment\90.html
"住友金属鉱山(5713)の買い予想。 ｺﾞﾛﾝ31 さんの売買予想。 目標株価： 1,769円 理由： 業績(会社計画の修正発表を含む) 株価診断結果「割安」に賛成",住友金属鉱山,2010/06/13,04:19,買い予想,ｺﾞﾛﾝ31さん,672.05,"1,217.0",+74.65,"1,769",,業績(会社計画の修正発表を含む),"【株価分析結果】2010/06/12 03:18
　割安

  【総論】
　この銘柄は、みんかぶリサーチによる株価診断において過去比較で割安と判断され、また相対比較でも割安と判断されます。結果、現在の株価は「割安」と結論付けました。
　但し、この銘柄の株価が「1,769円」を超えると割高圏内に入ります。
　このように、この銘柄は現在の株価水準において割安と判断されますが、この結果は必ずしも今後の株価の上昇を示唆するものではありません。
投資判断においては、株主還元関連事項を中心に、企業や外部環境の動向に注視してください。


【過去比較】
　過去2年間において、この銘柄は配当利回りの変動幅が最も狭いことから株主還元策が投資判断で重視されている可能性があります。現状、配当利回りは過去平均値より高い為、過去比較の観点からは割安と判断されます。

【相対比較】
　一方、この銘柄のPERは同一取引市場銘柄の平均値と連動性が高い傾向にあります。つまり、この銘柄の投資判断では同一取引市場を対象に利益動向が比較されている可能性があります。また、この銘柄は相対比較においてプレミアム評価される傾向にある為、それを考慮します。
　結果、現在、この銘柄の株価は相対比較の観点で割安と判断されます。

","1,537.5",04月09日,12:34,C:\Users\naoya\Desktop\nikkei225\minkabu\Output/5713-住友金属鉱山/2017-04-09-12-31-26/comment\91.html
"住友金属鉱山(5713)の買い予想。 get_syouri さんの売買予想。 目標株価： 2,416円 期間： 中期(数週間~数ヶ月) 理由： その他 買い",住友金属鉱山,2010/06/13,03:40,買い予想,get_syouriさん,440.38,"1,217.0",+74.65,"2,416",中期(数週間～数ヶ月),その他,,"1,537.5",04月09日,12:34,C:\Users\naoya\Desktop\nikkei225\minkabu\Output/5713-住友金属鉱山/2017-04-09-12-31-26/comment\92.html
"住友金属鉱山(5713)の買い予想。 ショー さんの売買予想。 目標株価： 2,766円 個人投資家の意見「買い」に賛成",住友金属鉱山,2010/05/16,00:16,買い予想,ショーさん,64.21,"1,353.0",+38.56,"2,766",,,,"1,537.5",04月09日,12:34,C:\Users\naoya\Desktop\nikkei225\minkabu\Output/5713-住友金属鉱山/2017-04-09-12-31-26/comment\93.html
"住友金属鉱山(5713)の買い予想。 お山の大将 さんの売買予想。 目標株価： 1,550円 期間： 中期(数週間~数ヶ月) 理由： 業績(会社計画の修正発表を含む) 株価診断結果「割高」に反対",住友金属鉱山,2010/04/23,09:54,買い予想,お山の大将さん,93.44,"1,415.0",+24.41,"1,550",中期(数週間～数ヶ月),業績(会社計画の修正発表を含む),"【株価分析結果】2010/04/23 03:17
　割高

  【総論】
　この銘柄は、みんかぶリサーチによる株価診断において過去比較で割高と判断され、また相対比較でも割高と判断されます。結果、現在の株価は「割高」と結論付けました。
　但し、この銘柄の株価が「1,142円」を割ると割安圏内に入ります。
　このように、この銘柄は現在の株価水準において割高と判断されますが、この結果は必ずしも今後の株価の下落を示唆するものではありません。
投資判断においては、純資産関連事項を中心に、企業や外部環境の動向に注視してください。


【過去比較】
　過去2年間において、この銘柄はPERの変動幅が最も狭いことから利益動向が投資判断で重視されている可能性があります。現状、PERは過去平均値より高い為、過去比較の観点からは割高と判断されます。

【相対比較】
　一方、この銘柄のPBRは同一業種分類銘柄の平均値と連動性が高い傾向にあります。つまり、この銘柄の投資判断では同一業種分類を対象に純資産動向が比較されている可能性があります。
　結果、現在、この銘柄のPBRは同一業種分類の平均値よりも高い為、相対比較の観点からは割高と判断されます。","1,537.5",04月09日,12:34,C:\Users\naoya\Desktop\nikkei225\minkabu\Output/5713-住友金属鉱山/2017-04-09-12-31-26/comment\94.html
"住友金属鉱山(5713)の買い予想。 kumatake さんの売買予想。 目標株価： 1,800円 理由： その他 個人投資家の意見「買い」に賛成",住友金属鉱山,2010/04/12,09:02,買い予想,kumatakeさん,390.86,"1,461.0",+14.69,"1,800",,その他,ニッケル上がってるし、上がるな,"1,537.5",04月09日,12:34,C:\Users\naoya\Desktop\nikkei225\minkabu\Output/5713-住友金属鉱山/2017-04-09-12-31-26/comment\95.html
"住友金属鉱山(5713)の買い予想。 mikaru さんの売買予想。 目標株価： 1,650円 期間： 中期(数週間~数ヶ月) 理由： チャート 個人投資家の意見「買い」に賛成",住友金属鉱山,2010/04/08,16:07,買い予想,mikaruさん,25.81,"1,429.0",+21.39,"1,650",中期(数週間～数ヶ月),チャート,,"1,537.5",04月09日,12:34,C:\Users\naoya\Desktop\nikkei225\minkabu\Output/5713-住友金属鉱山/2017-04-09-12-31-26/comment\96.html
"住友金属鉱山(5713)の売り予想。 親方ｍｋⅡ さんの売買予想。 目標株価： 1,240円 期間： 短期(数分~数日) 理由： チャート 売り",住友金属鉱山,2010/03/04,22:54,売り予想,親方ｍｋⅡさん,-100.98,"1,326.0",-45.57,"1,240",短期(数分～数日),チャート,,"1,537.5",04月09日,12:35,C:\Users\naoya\Desktop\nikkei225\minkabu\Output/5713-住友金属鉱山/2017-04-09-12-31-26/comment\97.html
住友金属鉱山(5713)の買い予想。 sat**3521 さんの売買予想。 期間： 中期(数週間~数ヶ月) 理由： 業績(会社計画の修正発表を含む) 買い,住友金属鉱山,2010/03/01,11:01,買い予想,sat**3521さん,162.14,"1,292.0",+53.81,--,中期(数週間～数ヶ月),業績(会社計画の修正発表を含む),,"1,537.5",04月09日,12:35,C:\Users\naoya\Desktop\nikkei225\minkabu\Output/5713-住友金属鉱山/2017-04-09-12-31-26/comment\98.html
"住友金属鉱山(5713)の買い予想。 えびふらい さんの売買予想。 目標株価： 1,450円 期間： 長期(数ヶ月～数年) 理由： その他 買い",住友金属鉱山,2010/02/20,23:12,買い予想,えびふらいさん,-39.52,"1,284.0",+55.91,"1,450",長期(数ヶ月～数年),その他,,"1,537.5",04月09日,12:35,C:\Users\naoya\Desktop\nikkei225\minkabu\Output/5713-住友金属鉱山/2017-04-09-12-31-26/comment\99.html
"住友金属鉱山(5713)の売り予想。 ひとみん｡｡☆ さんの売買予想。 目標株価： 1,300円 期間： 中期(数週間~数ヶ月) 理由： チャート ･･･下げそう☆",住友金属鉱山,2017/04/09,18:46,売り予想,ひとみん｡｡☆さん,0.86,"1,542.0",-2.85,"1,300",中期(数週間～数ヶ月),チャート,,"1,558.5",04月10日,20:34,C:\Users\naoya\Desktop\nikkei225\minkabu\Output/5713-住友金属鉱山/2017-04-10-20-34-47/comment\1.html
"住友金属鉱山(5713)の買い予想。 fsicon さんの売買予想。 目標株価： 1,216円 期間： 中期(数週間~数ヶ月) 理由： 個人投資家の予想 買い予想 中期 目標株価1,211円",住友金属鉱山,2016/07/17,22:05,買い予想,fsiconさん,11.38,"1,186.5",+88.43,"1,216",中期(数週間～数ヶ月),個人投資家の予想,,"1,558.5",04月10日,20:35,C:\Users\naoya\Desktop\nikkei225\minkabu\Output/5713-住友金属鉱山/2017-04-10-20-34-47/comment\10.html
"住友金属鉱山(5713)の買い予想。 リサ・ランドール さんの売買予想。 目標株価： 1,361円 期間： 長期(数ヶ月～数年) 理由： その他 買い",住友金属鉱山,2016/06/15,21:35,買い予想,リサ・ランドールさん,137.27,"1,050.0",+136.89,"1,361",長期(数ヶ月～数年),その他,,"1,558.5",04月10日,20:35,C:\Users\naoya\Desktop\nikkei225\minkabu\Output/5713-住友金属鉱山/2017-04-10-20-34-47/comment\11.html
"住友金属鉱山(5713)の買い予想。 筒川ひょっとこ齋 さんの売買予想。 目標株価： 1,321円 期間： 中期(数週間~数ヶ月) 理由： その他 個人投資家の意見「買い」に賛成",住友金属鉱山,2016/06/15,11:20,買い予想,筒川ひょっとこ齋さん,11.64,"1,058.0",+133.71,"1,321",中期(数週間～数ヶ月),その他,"いい所まで下げてきました。

世界はリスクオフに傾きつつあるものの、真に都市鉱山として馳せるのは別子でしょw
金価格上昇の後押しに、多角化でリチウム電池事業も軌道に乗るし、自律反発狙いで買い目線ダス。","1,558.5",04月10日,20:35,C:\Users\naoya\Desktop\nikkei225\minkabu\Output/5713-住友金属鉱山/2017-04-10-20-34-47/comment\12.html
"住友金属鉱山(5713)の買い予想。 pinksapphire さんの売買予想。 目標株価： 1,484円 期間： 中期(数週間~数ヶ月) 理由： 業績(会社計画の修正発表を含む) 個人投資家の意見「買い」に賛成",住友金属鉱山,2016/04/18,23:03,買い予想,pinksapphireさん,40.24,"1,198.0",+84.85,"1,484",中期(数週間～数ヶ月),業績(会社計画の修正発表を含む),"■住友金属鉱山  　1,151円　 -48 円 (-4.0％)　　本日終値
　野村証券の日本株投資戦略では、４～６月の日本株は業績モメンタムが鈍化するなか、政策期待から反発に向かうと予想。投資戦略としては、これまで推奨してきた国内生産回復関連、民間設備投資関連、リフレ関連、割安グロースに、市況関連を織り交ぜつつ、その先の民間消費回復に注目するタイミングをうかがいたいと解説。今月の参考ポートフォリオでは、市況業種への傾斜を強めるために住友金属鉱山と商船三井を、季節性の観点から王子ホールディングスとキリンホールディングスを、長期投資の観点からアンリツを組み入れ。割安なサブセクターが見当たらなかった１５年央と比べると、「海外市場との比較で割安なサブセクターが随分と増えている」との見解を示している。
","1,558.5",04月10日,20:35,C:\Users\naoya\Desktop\nikkei225\minkabu\Output/5713-住友金属鉱山/2017-04-10-20-34-47/comment\13.html
"住友金属鉱山(5713)の買い予想。 mohatomo さんの売買予想。 目標株価： 1,326円 期間： 中期(数週間~数ヶ月) 理由： 業績(会社計画の修正発表を含む) 株価診断結果「割安」に賛成",住友金属鉱山,2016/03/06,11:42,買い予想,mohatomoさん,40.54,"1,350.0",+43.28,"1,325",中期(数週間～数ヶ月),業績(会社計画の修正発表を含む),"【株価分析結果】2016/03/05 02:59　割安  【総論】　この銘柄は、みんかぶリサーチによる株価診断において過去比較で割安と判断され、また相対比較で割高と判断されます。しかし、過去比較の方が連動性が高いことから、現在の株価は「割安」と結論付けました。　但し、この銘柄の株価が「1,818円」を超えると割高圏内に入ります。加えて、PBRが一倍割れなことから将来のキャッシュフローが悪化する見通しの場合を除き、長期的には下値リスクの軽減から買い圧力が高まる可能性があります。　このように、この銘柄は現在の株価水準において割安と判断されますが、この結果は必ずしも今後の株価の上昇を示唆するものではありません。投資判断においては、株主還元関連事項を中心に、企業や外部環境の動向に注視してください。【過去比較】　過去2年間において、この銘柄は配当利回りの変動幅が最も狭いことから株主還元策が投資判断で重視されている可能性があります。現状、配当利回りは過去平均値より高い為、過去比較の観点からは割安と判断されます。【相対比較】　一方、この銘柄のPERは同一業種分類銘柄の平均値と連動性が高い傾向にあります。つまり、この銘柄の投資判断では同一業種分類を対象に利益動向が比較されている可能性があります。　結果、現在、この銘柄のPERは同一業種分類の平均値よりも高い為、相対比較の観点からは割高と判断されます。","1,558.5",04月10日,20:35,C:\Users\naoya\Desktop\nikkei225\minkabu\Output/5713-住友金属鉱山/2017-04-10-20-34-47/comment\14.html
"住友金属鉱山(5713)の買い予想。 夢想人 さんの売買予想。 目標株価： 1,500円 期間： 中期(数週間~数ヶ月) 理由： チャート 買い予想 中期 目標株価1,500円",住友金属鉱山,2016/01/25,21:08,買い予想,夢想人さん,37.1,"1,208.5",+81.64,"1,500",中期(数週間～数ヶ月),チャート,,"1,558.5",04月10日,20:35,C:\Users\naoya\Desktop\nikkei225\minkabu\Output/5713-住友金属鉱山/2017-04-10-20-34-47/comment\15.html
住友金属鉱山(5713)の売り予想。 松岡政也 さんの売買予想。 目標株価： 700円 期間： 長期(数ヶ月～数年) 理由： その他 売り予想,住友金属鉱山,2015/12/04,15:33,売り予想,松岡政也さん,-25.38,"1,415.0",-28.63,700,長期(数ヶ月～数年),その他,"【株価分析結果】2015/12/04 01:26
　割安

  【総論】
　この銘柄は、みんかぶリサーチによる株価診断において過去比較で割安と判断され、また相対比較で割高と判断されます。しかし、過去比較の方が連動性が高いことから、現在の株価は「割安」と結論付けました。
　但し、この銘柄の株価が「1,935円」を超えると割高圏内に入ります。加えて、PBRが一倍割れなことから将来のキャッシュフローが悪化する見通しの場合を除き、長期的には下値リスクの軽減から買い圧力が高まる可能性があります。
　このように、この銘柄は現在の株価水準において割安と判断されますが、この結果は必ずしも今後の株価の上昇を示唆するものではありません。
投資判断においては、株主還元関連事項を中心に、企業や外部環境の動向に注視してください。


【過去比較】
　過去2年間において、この銘柄は配当利回りの変動幅が最も狭いことから株主還元策が投資判断で重視されている可能性があります。現状、配当利回りは過去平均値より高い為、過去比較の観点からは割安と判断されます。

【相対比較】
　一方、この銘柄のPERは同一業種分類銘柄の平均値と連動性が高い傾向にあります。つまり、この銘柄の投資判断では同一業種分類を対象に利益動向が比較されている可能性があります。
　結果、現在、この銘柄のPERは同一業種分類の平均値よりも高い為、相対比較の観点からは割高と判断されます。
","1,558.5",04月10日,20:35,C:\Users\naoya\Desktop\nikkei225\minkabu\Output/5713-住友金属鉱山/2017-04-10-20-34-47/comment\16.html
"住友金属鉱山(5713)の買い予想。 鳴かず飛ばず さんの売買予想。 目標株価： 1,897円 期間： 中期(数週間~数ヶ月) 理由： 業績(会社計画の修正発表を含む) 株価診断結果「割安」に賛成",住友金属鉱山,2015/09/26,04:44,買い予想,鳴かず飛ばずさん,44.89,"1,446.5",+21.42,"1,896",中期(数週間～数ヶ月),業績(会社計画の修正発表を含む),"【株価分析結果】2015/09/26 01:30
　割安

  【総論】
　この銘柄は、みんかぶリサーチによる株価診断において過去比較で割安と判断され、また相対比較でも割安と判断されます。結果、現在の株価は「割安」と結論付けました。
　但し、この銘柄の株価が「1,991円」を超えると割高圏内に入ります。加えて、PBRが一倍割れなことから将来のキャッシュフローが悪化する見通しの場合を除き、長期的には下値リスクの軽減から買い圧力が高まる可能性があります。
　このように、この銘柄は現在の株価水準において割安と判断されますが、この結果は必ずしも今後の株価の上昇を示唆するものではありません。
投資判断においては、株主還元関連事項を中心に、企業や外部環境の動向に注視してください。


【過去比較】
　過去2年間において、この銘柄は配当利回りの変動幅が最も狭いことから株主還元策が投資判断で重視されている可能性があります。現状、配当利回りは過去平均値より高い為、過去比較の観点からは割安と判断されます。

【相対比較】
　一方、この銘柄のPERは同一業種分類銘柄の平均値と連動性が高い傾向にあります。つまり、この銘柄の投資判断では同一業種分類を対象に利益動向が比較されている可能性があります。
　結果、現在、この銘柄のPERは同一業種分類の平均値よりも低い為、相対比較の観点からは割安と判断されます。
","1,558.5",04月10日,20:35,C:\Users\naoya\Desktop\nikkei225\minkabu\Output/5713-住友金属鉱山/2017-04-10-20-34-47/comment\17.html
"住友金属鉱山(5713)の買い予想。 ドンゴロス松 さんの売買予想。 目標株価： 1,823円 期間： 中期(数週間~数ヶ月) 理由： 個人投資家の予想 個人投資家の意見「買い」に賛成",住友金属鉱山,2015/09/05,19:21,買い予想,ドンゴロス松さん,22.02,"1,392.5",+33.28,"1,823",中期(数週間～数ヶ月),個人投資家の予想,,"1,558.5",04月10日,20:35,C:\Users\naoya\Desktop\nikkei225\minkabu\Output/5713-住友金属鉱山/2017-04-10-20-34-47/comment\18.html
"住友金属鉱山(5713)の買い予想。 9811135 さんの売買予想。 目標株価： 2,296円 期間： 中期(数週間~数ヶ月) 理由： 業績(会社計画の修正発表を含む) 買い予想 中期 目標株価2,296円",住友金属鉱山,2015/01/19,12:55,買い予想,9811135さん,43.01,"1,672.5",-19.89,"2,296",中期(数週間～数ヶ月),業績(会社計画の修正発表を含む),,"1,558.5",04月10日,20:35,C:\Users\naoya\Desktop\nikkei225\minkabu\Output/5713-住友金属鉱山/2017-04-10-20-34-47/comment\19.html
"住友金属鉱山(5713)の売り予想。 kendobun さんの売買予想。 目標株価： 1,522円 期間： 短期(数分~数日) 理由： イベント(増資／合弁・買収／分割等) 売り予想 短期 目標株価1,517円",住友金属鉱山,2017/04/08,19:44,売り予想,kendobunさん,2.41,"1,542.0",-2.85,"1,522",短期(数分～数日),イベント(増資／合弁・買収／分割等),,"1,558.5",04月10日,20:35,C:\Users\naoya\Desktop\nikkei225\minkabu\Output/5713-住友金属鉱山/2017-04-10-20-34-47/comment\2.html
"住友金属鉱山(5713)の買い予想。 四王寺山のタカ さんの売買予想。 目標株価： 3,018円 期間： 長期(数ヶ月～数年) 理由： 配当(株主優待を含む) 株価診断結果「割高」に反対",住友金属鉱山,2014/11/24,18:50,買い予想,四王寺山のタカさん,49.51,"1,775.0",-35.16,"3,018",長期(数ヶ月～数年),配当(株主優待を含む),"【株価分析結果】2014/11/22 01:51　割高  【総論】　この銘柄は、みんかぶリサーチによる株価診断において過去比較で割高と判断され、また相対比較で割安と判断されます。しかし、過去比較の方が連動性が高いことから、現在の株価は「割高」と結論付けました。　但し、この銘柄の株価が「1,413円」を割ると割安圏内に入ります。　このように、この銘柄は現在の株価水準において割高と判断されますが、この結果は必ずしも今後の株価の下落を示唆するものではありません。投資判断においては、売上関連事項を中心に、企業や外部環境の動向に注視してください。【過去比較】　過去2年間において、この銘柄はPSRの変動幅が最も狭いことから売上動向が投資判断で重視されている可能性があります。現状、PSRは過去平均値より高い為、過去比較の観点からは割高と判断されます。【相対比較】　一方、この銘柄のPERは同一業種分類銘柄の平均値と連動性が高い傾向にあります。つまり、この銘柄の投資判断では同一業種分類を対象に利益動向が比較されている可能性があります。　結果、現在、この銘柄のPERは同一業種分類の平均値よりも低い為、相対比較の観点からは割安と判断されます。","1,558.5",04月10日,20:35,C:\Users\naoya\Desktop\nikkei225\minkabu\Output/5713-住友金属鉱山/2017-04-10-20-34-47/comment\20.html
"住友金属鉱山(5713)の売り予想。 クニハロー さんの売買予想。 目標株価： 1,458円 期間： 中期(数週間~数ヶ月) 理由： チャート 売り予想 中期 目標株価1,458円",住友金属鉱山,2017/04/05,00:38,売り予想,クニハローさん,-0.11,"1,550.5",-1.28,"1,458",中期(数週間～数ヶ月),チャート,,"1,558.5",04月10日,20:35,C:\Users\naoya\Desktop\nikkei225\minkabu\Output/5713-住友金属鉱山/2017-04-10-20-34-47/comment\3.html
"住友金属鉱山(5713)の買い予想。 徳川慶喜 さんの売買予想。 目標株価： 1,817円 期間： 中期(数週間~数ヶ月) 理由： 業績(会社計画の修正発表を含む) 株価診断結果「割安」に賛成",住友金属鉱山,2017/04/01,11:55,買い予想,徳川慶喜さん,-2.73,"1,588.5",-5.90,"1,817",中期(数週間～数ヶ月),業績(会社計画の修正発表を含む),"【株価分析結果】2017/04/01 02:59　割安  【総論】　この銘柄は、みんかぶリサーチによる株価診断において過去比較で割高と判断され、また相対比較で割安と判断されます。しかし、相対比較の方が連動性が高いことから、現在の株価は「割安」と結論付けました。　但し、この銘柄の株価が「1,817円」を超えると割高圏内に入ります。なお、この銘柄は相対比較において割引評価される傾向にあり、理論株価はその点を考慮して算出されております。加えて、PBRが一倍割れなことから将来のキャッシュフローが悪化する見通しの場合を除き、長期的には下値リスクの軽減から買い圧力が高まる可能性があります。　このように、この銘柄は現在の株価水準において割安と判断されますが、この結果は必ずしも今後の株価の上昇を示唆するものではありません。投資判断においては、純資産関連事項を中心に、企業や外部環境の動向に注視してください。【過去比較】　過去2年間において、この銘柄はPSRの変動幅が最も狭いことから売上動向が投資判断で重視されている可能性があります。現状、PSRは過去平均値より高い為、過去比較の観点からは割高と判断されます。【相対比較】　一方、この銘柄のPBRは同一業種分類銘柄の平均値と連動性が高い傾向にあります。つまり、この銘柄の投資判断では同一業種分類を対象に純資産動向が比較されている可能性があります。また、この銘柄は相対比較において割引評価される傾向にある為、それを考慮します。　結果、現在、この銘柄の株価は相対比較の観点で割安と判断されます。","1,558.5",04月10日,20:35,C:\Users\naoya\Desktop\nikkei225\minkabu\Output/5713-住友金属鉱山/2017-04-10-20-34-47/comment\4.html
"住友金属鉱山(5713)の買い予想。 Newジェントルマン さんの売買予想。 目標株価： 2,484円 期間： 中期(数週間~数ヶ月) 理由： その他 買い予想 中期 目標株価2,437円",住友金属鉱山,2017/02/26,15:25,買い予想,Newジェントルマンさん,-5.41,"1,556.0",-0.09,"2,484",中期(数週間～数ヶ月),その他,,"1,558.5",04月10日,20:35,C:\Users\naoya\Desktop\nikkei225\minkabu\Output/5713-住友金属鉱山/2017-04-10-20-34-47/comment\5.html
"住友金属鉱山(5713)の買い予想。 twitter88 さんの売買予想。 目標株価： 2,328円 期間： 長期(数ヶ月～数年) 理由： チャート 買い予想 長期 目標株価2,325円",住友金属鉱山,2017/02/14,21:42,買い予想,twitter88さん,-0.95,"1,654.0",-16.93,"2,328",長期(数ヶ月～数年),チャート,,"1,558.5",04月10日,20:35,C:\Users\naoya\Desktop\nikkei225\minkabu\Output/5713-住友金属鉱山/2017-04-10-20-34-47/comment\6.html
"住友金属鉱山(5713)の買い予想。 masahira さんの売買予想。 目標株価： 1,800円 期間： 中期(数週間~数ヶ月) 理由： 業績(会社計画の修正発表を含む) 業績回復",住友金属鉱山,2016/11/04,08:26,買い予想,masahiraさん,137.88,"1,343.0",+44.99,"1,800",中期(数週間～数ヶ月),業績(会社計画の修正発表を含む),,"1,558.5",04月10日,20:35,C:\Users\naoya\Desktop\nikkei225\minkabu\Output/5713-住友金属鉱山/2017-04-10-20-34-47/comment\7.html
住友金属鉱山(5713)の売り予想。 エグゼクティブ・まっち さんの売買予想。 目標株価： 931円 期間： 長期(数ヶ月～数年) 理由： チャート 個人投資家の意見「買い」に反対,住友金属鉱山,2016/10/18,08:32,売り予想,エグゼクティブ・まっちさん,-14.13,"1,338.0",-46.64,931,長期(数ヶ月～数年),チャート,,"1,558.5",04月10日,20:35,C:\Users\naoya\Desktop\nikkei225\minkabu\Output/5713-住友金属鉱山/2017-04-10-20-34-47/comment\8.html
"住友金属鉱山(5713)の買い予想。 t-oku さんの売買予想。 目標株価： 1,599円 期間： 中期(数週間~数ヶ月) 理由： 個人投資家の予想 個人投資家の意見「買い」に賛成",住友金属鉱山,2016/07/25,15:28,買い予想,t-okuさん,47.03,"1,210.0",+81.19,"1,599",中期(数週間～数ヶ月),個人投資家の予想,,"1,558.5",04月10日,20:35,C:\Users\naoya\Desktop\nikkei225\minkabu\Output/5713-住友金属鉱山/2017-04-10-20-34-47/comment\9.html
