0,1,2,3,4,5,6,7,8,9,10,11,12,13,14,15,16
"三越伊勢丹ホールディングス(3099)の買い予想。 kouboudaisi さんの売買予想。 目標株価： 1,400円 期間： 中期(数週間~数ヶ月) 理由： 個人投資家の予想 株価診断結果「割安」に賛成",三越伊勢丹ホールディングス,2017/04/05,11:05,買い予想,kouboudaisiさん,12.36,"1,191.0",-0.47,"1,400",中期(数週間～数ヶ月),個人投資家の予想,,"1,190.0",04月08日,20:57,C:\Users\naoya\Desktop\nikkei225\minkabu\Output/3099-三越伊勢丹ホールディングス/2017-04-08-20-57-05/comment\1.html
"三越伊勢丹ホールディングス(3099)の買い予想。 めっし飯 さんの売買予想。 目標株価： 1,203円 期間： 長期(数ヶ月～数年) 理由： チャート 個人投資家の意見「買い」に賛成",三越伊勢丹ホールディングス,2016/11/22,15:24,買い予想,めっし飯さん,-21.46,"1,287.0",-21.65,"1,203",長期(数ヶ月～数年),チャート,,"1,190.0",04月08日,20:57,C:\Users\naoya\Desktop\nikkei225\minkabu\Output/3099-三越伊勢丹ホールディングス/2017-04-08-20-57-05/comment\10.html
三越伊勢丹ホールディングス(3099)の売り予想。 hiro3632 さんの売買予想。 目標株価： 720円 期間： 短期(数分~数日) 理由： チャート 個人投資家の意見「買い」に反対,三越伊勢丹ホールディングス,2012/01/29,00:48,売り予想,hiro3632さん,81.09,849.0,-114.54,720,短期(数分～数日),チャート,,"1,190.0",04月08日,21:01,C:\Users\naoya\Desktop\nikkei225\minkabu\Output/3099-三越伊勢丹ホールディングス/2017-04-08-20-57-05/comment\100.html
"三越伊勢丹ホールディングス(3099)の買い予想。 star さんの売買予想。 目標株価： 1,614円 期間： 中期(数週間~数ヶ月) 理由： 業績(会社計画の修正発表を含む) 個人投資家の意見「買い」に賛成",三越伊勢丹ホールディングス,2012/01/02,16:36,買い予想,starさん,115.71,818.0,+128.97,"1,614",中期(数週間～数ヶ月),業績(会社計画の修正発表を含む),年始は大盛況だったようです,"1,190.0",04月08日,21:01,C:\Users\naoya\Desktop\nikkei225\minkabu\Output/3099-三越伊勢丹ホールディングス/2017-04-08-20-57-05/comment\101.html
三越伊勢丹ホールディングス(3099)の買い予想。 てふてふ党人 さんの売買予想。 目標株価： 798円 期間： 中期(数週間~数ヶ月) 理由： 配当(株主優待を含む) kai,三越伊勢丹ホールディングス,2011/11/30,23:58,買い予想,てふてふ党人さん,193.14,757.0,+162.27,798,中期(数週間～数ヶ月),配当(株主優待を含む),暫く保持しておきたい｡,"1,190.0",04月08日,21:01,C:\Users\naoya\Desktop\nikkei225\minkabu\Output/3099-三越伊勢丹ホールディングス/2017-04-08-20-57-05/comment\102.html
三越伊勢丹ホールディングス(3099)の売り予想。 Good Luck さんの売買予想。 目標株価： 722円 期間： 長期(数ヶ月～数年) 理由： その他 どうかな？,三越伊勢丹ホールディングス,2011/11/11,04:21,売り予想,Good Luckさん,-3.57,798.0,-140.04,722,長期(数ヶ月～数年),その他,当分もってたらさがってそう｡,"1,190.0",04月08日,21:01,C:\Users\naoya\Desktop\nikkei225\minkabu\Output/3099-三越伊勢丹ホールディングス/2017-04-08-20-57-05/comment\103.html
三越伊勢丹ホールディングス(3099)の買い予想。 吉吉 さんの売買予想。 目標株価： 900円 期間： 中期(数週間~数ヶ月) 理由： 配当(株主優待を含む) 株価診断結果「割高」に反対,三越伊勢丹ホールディングス,2011/11/09,15:37,買い予想,吉吉さん,244.65,804.0,+136.16,900,中期(数週間～数ヶ月),配当(株主優待を含む),"【株価分析結果】2011/11/09 01:19
　割高

  【総論】
　この銘柄は、みんかぶリサーチによる株価診断において過去比較で割高と判断され、また相対比較でも割高と判断されます。結果、現在の株価は「割高」と結論付けました。
　但し、この銘柄の株価が「804円」を割ると割安圏内に入ります。加えて、この銘柄は割高と判断されるも、PBRが一倍割れなことから将来のキャッシュフローが悪化する見通しの場合を除き、長期的には株価が下支えされる可能性があります。
　このように、この銘柄は現在の株価水準において割高と判断されますが、この結果は必ずしも今後の株価の下落を示唆するものではありません。
投資判断においては、売上関連事項を中心に、企業や外部環境の動向に注視してください。


【過去比較】
　過去2年間において、この銘柄はPSRの変動幅が最も狭いことから売上動向が投資判断で重視されている可能性があります。現状、PSRは過去平均値より高い為、過去比較の観点からは割高と判断されます。

【相対比較】
　一方、この銘柄の配当利回りは同一業種分類銘柄の平均値と連動性が高い傾向にあります。つまり、この銘柄の投資判断では同一業種分類を対象に株主還元策が比較されている可能性があります。
　結果、現在、この銘柄の配当利回りは同一業種分類の平均値よりも低い為、相対比較の観点からは割高と判断されます。

","1,190.0",04月08日,21:01,C:\Users\naoya\Desktop\nikkei225\minkabu\Output/3099-三越伊勢丹ホールディングス/2017-04-08-20-57-05/comment\104.html
"三越伊勢丹ホールディングス(3099)の買い予想。 goodknight1987 さんの売買予想。 目標株価： 1,000円 期間： 長期(数ヶ月～数年) 理由： その他 買い",三越伊勢丹ホールディングス,2011/11/03,21:29,買い予想,goodknight1987さん,319.77,808.0,+134.08,"1,000",長期(数ヶ月～数年),その他,,"1,190.0",04月08日,21:01,C:\Users\naoya\Desktop\nikkei225\minkabu\Output/3099-三越伊勢丹ホールディングス/2017-04-08-20-57-05/comment\105.html
三越伊勢丹ホールディングス(3099)の買い予想。 yosi_0701 さんの売買予想。 目標株価： 820円 期間： 中期(数週間~数ヶ月) 理由： 業績(会社計画の修正発表を含む) 買い,三越伊勢丹ホールディングス,2011/10/17,13:15,買い予想,yosi_0701さん,74.93,780.0,+149.10,820,中期(数週間～数ヶ月),業績(会社計画の修正発表を含む),,"1,190.0",04月08日,21:01,C:\Users\naoya\Desktop\nikkei225\minkabu\Output/3099-三越伊勢丹ホールディングス/2017-04-08-20-57-05/comment\106.html
三越伊勢丹ホールディングス(3099)の買い予想。 福之神 さんの売買予想。 目標株価： 804円 期間： 中期(数週間~数ヶ月) 理由： チャート 買いです,三越伊勢丹ホールディングス,2011/10/13,18:30,買い予想,福之神さん,287.47,787.0,+145.25,804,中期(数週間～数ヶ月),チャート,買い。http://yoseyo.net/3/3099/,"1,190.0",04月08日,21:01,C:\Users\naoya\Desktop\nikkei225\minkabu\Output/3099-三越伊勢丹ホールディングス/2017-04-08-20-57-05/comment\107.html
三越伊勢丹ホールディングス(3099)の買い予想。 ポンデル さんの売買予想。 目標株価： 796円 期間： 短期(数分~数日) 理由： 業績(会社計画の修正発表を含む) 個人投資家の意見「買い」に賛成,三越伊勢丹ホールディングス,2011/08/14,19:21,買い予想,ポンデルさん,393.28,791.0,+143.07,796,短期(数分～数日),業績(会社計画の修正発表を含む),,"1,190.0",04月08日,21:01,C:\Users\naoya\Desktop\nikkei225\minkabu\Output/3099-三越伊勢丹ホールディングス/2017-04-08-20-57-05/comment\108.html
三越伊勢丹ホールディングス(3099)の買い予想。 hosen_00 さんの売買予想。 目標株価： 986円 期間： 中期(数週間~数ヶ月) 理由： 業績(会社計画の修正発表を含む) 個人投資家の意見「買い」に賛成,三越伊勢丹ホールディングス,2011/08/14,09:02,買い予想,hosen_00さん,231.95,791.0,+143.07,986,中期(数週間～数ヶ月),業績(会社計画の修正発表を含む),,"1,190.0",04月08日,21:01,C:\Users\naoya\Desktop\nikkei225\minkabu\Output/3099-三越伊勢丹ホールディングス/2017-04-08-20-57-05/comment\109.html
"三越伊勢丹ホールディングス(3099)の売り予想。 ushiwan さんの売買予想。 目標株価： 1,094円 期間： 中期(数週間~数ヶ月) 理由： 業績(会社計画の修正発表を含む) 個人投資家の意見「買い」に反対",三越伊勢丹ホールディングス,2016/11/17,02:17,売り予想,ushiwanさん,-2.66,"1,208.0",+4.00,"1,093",中期(数週間～数ヶ月),業績(会社計画の修正発表を含む),,"1,190.0",04月08日,20:57,C:\Users\naoya\Desktop\nikkei225\minkabu\Output/3099-三越伊勢丹ホールディングス/2017-04-08-20-57-05/comment\11.html
"三越伊勢丹ホールディングス(3099)の買い予想。 レクサス さんの売買予想。 目標株価： 1,518円 期間： 短期(数分~数日) 理由： 業績(会社計画の修正発表を含む) 個人投資家の意見「買い」に賛成",三越伊勢丹ホールディングス,2011/08/13,11:32,買い予想,レクサスさん,154.68,791.0,+143.07,"1,518",短期(数分～数日),業績(会社計画の修正発表を含む),,"1,190.0",04月08日,21:01,C:\Users\naoya\Desktop\nikkei225\minkabu\Output/3099-三越伊勢丹ホールディングス/2017-04-08-20-57-05/comment\110.html
"三越伊勢丹ホールディングス(3099)の買い予想。 ジャックブルー さんの売買予想。 目標株価： 1,000円 期間： 中期(数週間~数ヶ月) 理由： 業績(会社計画の修正発表を含む) 買い予想！",三越伊勢丹ホールディングス,2011/08/12,23:57,買い予想,ジャックブルーさん,630.31,791.0,+143.07,"1,000",中期(数週間～数ヶ月),業績(会社計画の修正発表を含む),業績好調！増税恩恵株！2012年期待株！買い予想！,"1,190.0",04月08日,21:01,C:\Users\naoya\Desktop\nikkei225\minkabu\Output/3099-三越伊勢丹ホールディングス/2017-04-08-20-57-05/comment\111.html
三越伊勢丹ホールディングス(3099)の買い予想。 raika0802 さんの売買予想。 目標株価： 888円 期間： 中期(数週間~数ヶ月) 理由： 業績(会社計画の修正発表を含む) 個人投資家の「買い」に賛成,三越伊勢丹ホールディングス,2011/07/08,22:02,買い予想,raika0802さん,355.72,805.0,+135.64,888,中期(数週間～数ヶ月),業績(会社計画の修正発表を含む),,"1,190.0",04月08日,21:01,C:\Users\naoya\Desktop\nikkei225\minkabu\Output/3099-三越伊勢丹ホールディングス/2017-04-08-20-57-05/comment\112.html
"三越伊勢丹ホールディングス(3099)の買い予想。 sas*kis*s*kisas*ki*e*u さんの売買予想。 目標株価： 1,053円 期間： 中期(数週間~数ヶ月) 理由： 業績(会社計画の修正発表を含む) 個人投資家の意見「買い」に賛成",三越伊勢丹ホールディングス,2011/07/07,00:24,買い予想,sas*kis*s*kisas*ki*e*uさん,19.93,808.0,+134.08,"1,053",中期(数週間～数ヶ月),業績(会社計画の修正発表を含む),中国進出も兼ねて,"1,190.0",04月08日,21:01,C:\Users\naoya\Desktop\nikkei225\minkabu\Output/3099-三越伊勢丹ホールディングス/2017-04-08-20-57-05/comment\113.html
三越伊勢丹ホールディングス(3099)の買い予想。 shihoudome さんの売買予想。 目標株価： 761円 期間： 短期(数分~数日) 理由： 業績(会社計画の修正発表を含む) kai,三越伊勢丹ホールディングス,2011/06/15,02:03,買い予想,shihoudomeさん,208.6,726.0,+181.34,761,短期(数分～数日),業績(会社計画の修正発表を含む),,"1,190.0",04月08日,21:01,C:\Users\naoya\Desktop\nikkei225\minkabu\Output/3099-三越伊勢丹ホールディングス/2017-04-08-20-57-05/comment\114.html
三越伊勢丹ホールディングス(3099)の買い予想。 oldmine さんの売買予想。 目標株価： 730円 期間： 短期(数分~数日) 理由： その他 買い,三越伊勢丹ホールディングス,2011/06/14,20:06,買い予想,oldmineさん,152.96,726.0,+181.34,730,短期(数分～数日),その他,,"1,190.0",04月08日,21:02,C:\Users\naoya\Desktop\nikkei225\minkabu\Output/3099-三越伊勢丹ホールディングス/2017-04-08-20-57-05/comment\115.html
三越伊勢丹ホールディングス(3099)の買い予想。 hoota99 さんの売買予想。 目標株価： 850円 期間： 中期(数週間~数ヶ月) 理由： チャート 個人投資家の意見「買い」に賛成,三越伊勢丹ホールディングス,2011/04/29,13:27,買い予想,hoota99さん,167.69,790.0,+143.61,850,中期(数週間～数ヶ月),チャート,,"1,190.0",04月08日,21:02,C:\Users\naoya\Desktop\nikkei225\minkabu\Output/3099-三越伊勢丹ホールディングス/2017-04-08-20-57-05/comment\116.html
"三越伊勢丹ホールディングス(3099)の買い予想。 トルテ さんの売買予想。 目標株価： 1,144円 期間： 長期(数ヶ月～数年) 理由： その他 株価診断結果「割安」に賛成",三越伊勢丹ホールディングス,2011/04/03,04:05,買い予想,トルテさん,291.1,757.0,+162.27,"1,144",長期(数ヶ月～数年),その他,"【株価分析結果】2011/04/02 03:10
　割安

  【総論】
　この銘柄は、みんかぶリサーチによる株価診断において過去比較で割安と判断され、また相対比較でも割安と判断されます。結果、現在の株価は「割安」と結論付けました。
　但し、この銘柄の株価が「1,123円」を超えると割高圏内に入ります。加えて、PBRが一倍割れなことから将来のキャッシュフローが悪化する見通しの場合を除き、長期的には下値リスクの軽減から買い圧力が高まる可能性があります。
　このように、この銘柄は現在の株価水準において割安と判断されますが、この結果は必ずしも今後の株価の上昇を示唆するものではありません。
投資判断においては、株主還元関連事項を中心に、企業や外部環境の動向に注視してください。


【過去比較】
　過去2年間において、この銘柄はPSRの変動幅が最も狭いことから売上動向が投資判断で重視されている可能性があります。現状、PSRは過去平均値より低い為、過去比較の観点からは割安と判断されます。

【相対比較】
　一方、この銘柄の配当利回りは同一業種分類銘柄の平均値と連動性が高い傾向にあります。つまり、この銘柄の投資判断では同一業種分類を対象に株主還元策が比較されている可能性があります。
　結果、現在、この銘柄の配当利回りは同一業種分類の平均値よりも高い為、相対比較の観点からは割安と判断されます。

","1,190.0",04月08日,21:02,C:\Users\naoya\Desktop\nikkei225\minkabu\Output/3099-三越伊勢丹ホールディングス/2017-04-08-20-57-05/comment\117.html
三越伊勢丹ホールディングス(3099)の買い予想。 AAI Fund さんの売買予想。 目標株価： 800円 期間： 長期(数ヶ月～数年) 理由： チャート kai,三越伊勢丹ホールディングス,2011/03/26,15:39,買い予想,AAI Fundさん,594.97,735.0,+175.64,800,長期(数ヶ月～数年),チャート,,"1,190.0",04月08日,21:02,C:\Users\naoya\Desktop\nikkei225\minkabu\Output/3099-三越伊勢丹ホールディングス/2017-04-08-20-57-05/comment\118.html
"三越伊勢丹ホールディングス(3099)の買い予想。 KIRn さんの売買予想。 目標株価： 1,032円 期間： 中期(数週間~数ヶ月) 理由： 業績(会社計画の修正発表を含む) KAI",三越伊勢丹ホールディングス,2011/03/11,09:11,買い予想,KIRnさん,231.27,928.0,+79.97,"1,032",中期(数週間～数ヶ月),業績(会社計画の修正発表を含む),,"1,190.0",04月08日,21:02,C:\Users\naoya\Desktop\nikkei225\minkabu\Output/3099-三越伊勢丹ホールディングス/2017-04-08-20-57-05/comment\119.html
三越伊勢丹ホールディングス(3099)の売り予想。 100G公園 さんの売買予想。 目標株価： 10円 期間： 長期(数ヶ月～数年) 理由： 業績(会社計画の修正発表を含む) 売り,三越伊勢丹ホールディングス,2016/10/08,20:13,売り予想,100G公園さん,-12.69,"1,046.0",-39.41,10,長期(数ヶ月～数年),業績(会社計画の修正発表を含む),,"1,190.0",04月08日,20:57,C:\Users\naoya\Desktop\nikkei225\minkabu\Output/3099-三越伊勢丹ホールディングス/2017-04-08-20-57-05/comment\12.html
三越伊勢丹ホールディングス(3099)の買い予想。 損切り大魔王 さんの売買予想。 目標株価： 984円 期間： 中期(数週間~数ヶ月) 理由： その他 買い,三越伊勢丹ホールディングス,2011/03/07,15:19,買い予想,損切り大魔王さん,141.5,955.0,+69.67,984,中期(数週間～数ヶ月),その他,買いじゃ,"1,190.0",04月08日,21:02,C:\Users\naoya\Desktop\nikkei225\minkabu\Output/3099-三越伊勢丹ホールディングス/2017-04-08-20-57-05/comment\120.html
"三越伊勢丹ホールディングス(3099)の買い予想。 コメタコ さんの売買予想。 目標株価： 1,878円 期間： 中期(数週間~数ヶ月) 理由： チャート 個人投資家の意見「買い」に賛成",三越伊勢丹ホールディングス,2010/12/30,12:04,買い予想,コメタコさん,19.68,940.0,+75.32,"1,878",中期(数週間～数ヶ月),チャート,,"1,190.0",04月08日,21:02,C:\Users\naoya\Desktop\nikkei225\minkabu\Output/3099-三越伊勢丹ホールディングス/2017-04-08-20-57-05/comment\121.html
"三越伊勢丹ホールディングス(3099)の買い予想。 魔弾の射手 さんの売買予想。 目標株価： 1,200円 期間： 中期(数週間~数ヶ月) 理由： 業績(会社計画の修正発表を含む) ﾘｽﾄﾗ成功",三越伊勢丹ホールディングス,2010/12/14,21:07,買い予想,魔弾の射手さん,133.22,970.0,+64.20,"1,200",中期(数週間～数ヶ月),業績(会社計画の修正発表を含む),,"1,190.0",04月08日,21:02,C:\Users\naoya\Desktop\nikkei225\minkabu\Output/3099-三越伊勢丹ホールディングス/2017-04-08-20-57-05/comment\122.html
三越伊勢丹ホールディングス(3099)の売り予想。 hose0226jp さんの売買予想。 目標株価： 920円 期間： 短期(数分~数日) 理由： チャート 900円まで下がった後に・・・,三越伊勢丹ホールディングス,2010/11/18,18:15,売り予想,hose0226jpさん,465.28,995.0,-56.01,920,短期(数分～数日),チャート,,"1,190.0",04月08日,21:02,C:\Users\naoya\Desktop\nikkei225\minkabu\Output/3099-三越伊勢丹ホールディングス/2017-04-08-20-57-05/comment\123.html
三越伊勢丹ホールディングス(3099)の売り予想。 空飛ぶ モンティ・パイ さんの売買予想。 ポキっとしてる,三越伊勢丹ホールディングス,2010/11/10,12:45,売り予想,空飛ぶ モンティ・パイさん,-418.66,932.0,-79.02,--,,,からなんとなく,"1,190.0",04月08日,21:02,C:\Users\naoya\Desktop\nikkei225\minkabu\Output/3099-三越伊勢丹ホールディングス/2017-04-08-20-57-05/comment\124.html
"三越伊勢丹ホールディングス(3099)の買い予想。 ooy**aken*a さんの売買予想。 目標株価： 1,500円 期間： 長期(数ヶ月～数年) 理由： 業績(会社計画の修正発表を含む) 個人投資家の意見「買い」に賛成",三越伊勢丹ホールディングス,2010/10/07,20:38,買い予想,ooy**aken*aさん,137.2,955.0,+69.67,"1,500",長期(数ヶ月～数年),業績(会社計画の修正発表を含む),,"1,190.0",04月08日,21:02,C:\Users\naoya\Desktop\nikkei225\minkabu\Output/3099-三越伊勢丹ホールディングス/2017-04-08-20-57-05/comment\125.html
三越伊勢丹ホールディングス(3099)の買い予想。 komkom(*~(ｴ)~*) さんの売買予想。 期間： 中期(数週間~数ヶ月) 買い(’(エ)’) ,三越伊勢丹ホールディングス,2010/10/07,14:00,買い予想,komko,268.64,948.0,+72.28,--,中期(数週間～数ヶ月),,"上海万博出展時から目をつけていて、
うーん、その頃に
Pickしておけば良かった？（笑）　　ヾ(;´(エ)｀","1,190.0",04月08日,21:02,C:\Users\naoya\Desktop\nikkei225\minkabu\Output/3099-三越伊勢丹ホールディングス/2017-04-08-20-57-05/comment\126.html
三越伊勢丹ホールディングス(3099)の買い予想。 けいひろ さんの売買予想。 目標株価： 950円 期間： 中期(数週間~数ヶ月) 理由： 配当(株主優待を含む) 株価診断結果「割高」に反対,三越伊勢丹ホールディングス,2010/09/24,22:41,買い予想,けいひろさん,-13.49,889.0,+95.95,950,中期(数週間～数ヶ月),配当(株主優待を含む),"【株価分析結果】2010/09/23 03:09
　割高

  【総論】
　この銘柄は、みんかぶリサーチによる株価診断において過去比較で割高と判断され、また相対比較でも割高と判断されます。結果、現在の株価は「割高」と結論付けました。
　但し、この銘柄の株価が「818円」を割ると割安圏内に入ります。加えて、この銘柄は割高と判断されるも、PBRが一倍割れなことから将来のキャッシュフローが悪化する見通しの場合を除き、長期的には株価が下支えされる可能性があります。
　このように、この銘柄は現在の株価水準において割高と判断されますが、この結果は必ずしも今後の株価の下落を示唆するものではありません。
投資判断においては、売上関連事項を中心に、企業や外部環境の動向に注視してください。


【過去比較】
　過去2年間において、この銘柄はPSRの変動幅が最も狭いことから売上動向が投資判断で重視されている可能性があります。現状、PSRは過去平均値より高い為、過去比較の観点からは割高と判断されます。

【相対比較】
　一方、この銘柄の配当利回りは同一取引市場銘柄の平均値と連動性が高い傾向にあります。つまり、この銘柄の投資判断では同一取引市場を対象に株主還元策が比較されている可能性があります。また、この銘柄は相対比較においてプレミアム評価される傾向にある為、それを考慮します。
　結果、現在、この銘柄の株価は相対比較の観点で割高と判断されます。

","1,190.0",04月08日,21:02,C:\Users\naoya\Desktop\nikkei225\minkabu\Output/3099-三越伊勢丹ホールディングス/2017-04-08-20-57-05/comment\127.html
三越伊勢丹ホールディングス(3099)の買い予想。 buhi777 さんの売買予想。 目標株価： 920円 期間： 短期(数分~数日) 三越伊勢丹,三越伊勢丹ホールディングス,2010/09/15,21:53,買い予想,buhi777さん,138.9,917.0,+84.34,920,短期(数分～数日),,"赤字企業だけれど、クイーンズ伊勢丹を利用する我が家としては
5％OFFになる優待カードが魅力的。株価には期待できないけれど
短期で購入を検討中。","1,190.0",04月08日,21:02,C:\Users\naoya\Desktop\nikkei225\minkabu\Output/3099-三越伊勢丹ホールディングス/2017-04-08-20-57-05/comment\128.html
"三越伊勢丹ホールディングス(3099)の買い予想。 mdp*t8*5 さんの売買予想。 目標株価： 1,300円 期間： 中期(数週間~数ヶ月) 理由： チャート 株価診断結果「割高」に反対",三越伊勢丹ホールディングス,2010/08/19,13:40,買い予想,mdp*t8*5さん,20.84,886.0,+97.24,"1,300",中期(数週間～数ヶ月),チャート,"【株価分析結果】2010/08/19 03:09
　割高

  【総論】
　この銘柄は、みんかぶリサーチによる株価診断において過去比較で割高と判断され、また相対比較でも割高と判断されます。結果、現在の株価は「割高」と結論付けました。
　但し、この銘柄の株価が「818円」を割ると割安圏内に入ります。加えて、この銘柄は割高と判断されるも、PBRが一倍割れなことから将来のキャッシュフローが悪化する見通しの場合を除き、長期的には株価が下支えされる可能性があります。
　このように、この銘柄は現在の株価水準において割高と判断されますが、この結果は必ずしも今後の株価の下落を示唆するものではありません。
投資判断においては、売上関連事項を中心に、企業や外部環境の動向に注視してください。


【過去比較】
　過去2年間において、この銘柄はPSRの変動幅が最も狭いことから売上動向が投資判断で重視されている可能性があります。現状、PSRは過去平均値より高い為、過去比較の観点からは割高と判断されます。

【相対比較】
　一方、この銘柄の配当利回りは同一取引市場銘柄の平均値と連動性が高い傾向にあります。つまり、この銘柄の投資判断では同一取引市場を対象に株主還元策が比較されている可能性があります。また、この銘柄は相対比較においてプレミアム評価される傾向にある為、それを考慮します。
　結果、現在、この銘柄の株価は相対比較の観点で割高と判断されます。

","1,190.0",04月08日,21:02,C:\Users\naoya\Desktop\nikkei225\minkabu\Output/3099-三越伊勢丹ホールディングス/2017-04-08-20-57-05/comment\129.html
"三越伊勢丹ホールディングス(3099)の買い予想。 にゃいた さんの売買予想。 目標株価： 1,500円 期間： 長期(数ヶ月～数年) 理由： 業績(会社計画の修正発表を含む) 買い予想 長期 目標株価1,500円",三越伊勢丹ホールディングス,2016/09/28,12:28,買い予想,にゃいたさん,24.97,981.0,+60.29,"1,500",長期(数ヶ月～数年),業績(会社計画の修正発表を含む),,"1,190.0",04月08日,20:57,C:\Users\naoya\Desktop\nikkei225\minkabu\Output/3099-三越伊勢丹ホールディングス/2017-04-08-20-57-05/comment\13.html
三越伊勢丹ホールディングス(3099)の売り予想。 まさてる さんの売買予想。 目標株価： 920円 期間： 短期(数分~数日) 理由： チャート 売り,三越伊勢丹ホールディングス,2010/05/28,22:04,売り予想,まさてるさん,224.73,930.0,-79.80,920,短期(数分～数日),チャート,"あと1-2週間で上昇に変更？
二日ほど連続で上昇しはじめたら購入します。","1,190.0",04月08日,21:02,C:\Users\naoya\Desktop\nikkei225\minkabu\Output/3099-三越伊勢丹ホールディングス/2017-04-08-20-57-05/comment\130.html
"三越伊勢丹ホールディングス(3099)の買い予想。 chisaring さんの売買予想。 目標株価： 1,200円 期間： 短期(数分~数日) 理由： 業績(会社計画の修正発表を含む) 買い",三越伊勢丹ホールディングス,2010/05/12,21:16,買い予想,chisaringさん,195.38,"1,075.0",+30.15,"1,200",短期(数分～数日),業績(会社計画の修正発表を含む),,"1,190.0",04月08日,21:02,C:\Users\naoya\Desktop\nikkei225\minkabu\Output/3099-三越伊勢丹ホールディングス/2017-04-08-20-57-05/comment\131.html
三越伊勢丹ホールディングス(3099)の売り予想。 kentamomo さんの売買予想。 目標株価： 940円 期間： 中期(数週間~数ヶ月) 理由： 業績(会社計画の修正発表を含む) 騰がりすぎ,三越伊勢丹ホールディングス,2010/04/16,19:48,売り予想,kentamomoさん,25.76,"1,032.0",-43.81,940,中期(数週間～数ヶ月),業績(会社計画の修正発表を含む),,"1,190.0",04月08日,21:02,C:\Users\naoya\Desktop\nikkei225\minkabu\Output/3099-三越伊勢丹ホールディングス/2017-04-08-20-57-05/comment\132.html
三越伊勢丹ホールディングス(3099)の売り予想。 親方ｍｋⅡ さんの売買予想。 目標株価： 830円 期間： 短期(数分~数日) 理由： チャート 売り,三越伊勢丹ホールディングス,2010/02/25,22:55,売り予想,親方ｍｋⅡさん,-100.98,930.0,-79.80,830,短期(数分～数日),チャート,,"1,190.0",04月08日,21:02,C:\Users\naoya\Desktop\nikkei225\minkabu\Output/3099-三越伊勢丹ホールディングス/2017-04-08-20-57-05/comment\133.html
三越伊勢丹ホールディングス(3099)の買い予想。 ボナンザ さんの売買予想。 目標株価： 928円 期間： 短期(数分~数日) 理由： その他 買い,三越伊勢丹ホールディングス,2010/01/04,20:30,買い予想,ボナンザさん,520.1,860.0,+108.78,928,短期(数分～数日),その他,,"1,190.0",04月08日,21:02,C:\Users\naoya\Desktop\nikkei225\minkabu\Output/3099-三越伊勢丹ホールディングス/2017-04-08-20-57-05/comment\134.html
三越伊勢丹ホールディングス(3099)の買い予想。 RX78G3 さんの売買予想。 期間： 短期(数分~数日) 買い,三越伊勢丹ホールディングス,2009/12/29,08:51,買い予想,RX78G3さん,601.44,833.0,+121.52,--,短期(数分～数日),,,"1,190.0",04月08日,21:02,C:\Users\naoya\Desktop\nikkei225\minkabu\Output/3099-三越伊勢丹ホールディングス/2017-04-08-20-57-05/comment\135.html
"三越伊勢丹ホールディングス(3099)の売り予想。 初心者ぼろぼろ さんの売買予想。 目標株価： 1,000円 期間： 短期(数分~数日) 踏み上げ候補",三越伊勢丹ホールディングス,2009/12/26,18:35,売り予想,初心者ぼろぼろさん,-332.66,803.0,-137.39,"1,000",短期(数分～数日),,どっかの金持ち外人さんが一杯買いそう,"1,190.0",04月08日,21:02,C:\Users\naoya\Desktop\nikkei225\minkabu\Output/3099-三越伊勢丹ホールディングス/2017-04-08-20-57-05/comment\136.html
三越伊勢丹ホールディングス(3099)の買い予想。 ストリートアナリスト さんの売買予想。 目標株価： 850円 期間： 中期(数週間~数ヶ月) 理由： 業績(会社計画の修正発表を含む) 株価診断結果「割安」に賛成,三越伊勢丹ホールディングス,2009/12/24,23:38,買い予想,ストリートアナリストさん,158.65,774.0,+152.46,850,中期(数週間～数ヶ月),業績(会社計画の修正発表を含む),"年末商戦は好調な滑り出しです。
これから新年の初売り、バーゲン時期には、昨年を越える売り上げが期待できそうです。
長期的にはどうなるかわかりませんが、下半期の決算は予想以上に好転してくると予想しました。","1,190.0",04月08日,21:02,C:\Users\naoya\Desktop\nikkei225\minkabu\Output/3099-三越伊勢丹ホールディングス/2017-04-08-20-57-05/comment\137.html
三越伊勢丹ホールディングス(3099)の買い予想。 inotti さんの売買予想。 目標株価： 980円 期間： 中期(数週間~数ヶ月) 理由： 業績(会社計画の修正発表を含む) 上げ予想,三越伊勢丹ホールディングス,2009/11/11,22:57,買い予想,inottiさん,187.43,791.0,+143.07,980,中期(数週間～数ヶ月),業績(会社計画の修正発表を含む),"日本では廃れてきているが、中国ではブランド。
安くなってきた今が買い。
中国が成長期の今、これから中長期で上昇予想。","1,190.0",04月08日,21:02,C:\Users\naoya\Desktop\nikkei225\minkabu\Output/3099-三越伊勢丹ホールディングス/2017-04-08-20-57-05/comment\138.html
"三越伊勢丹ホールディングス(3099)の買い予想。 となかい さんの売買予想。 目標株価： 2,000円 期間： 長期(数ヶ月～数年) 理由： 配当(株主優待を含む) 個人投資家の意見「買い」に賛成",三越伊勢丹ホールディングス,2009/10/30,20:11,買い予想,となかいさん,219.95,861.0,+216.65,"2,000",長期(数ヶ月～数年),配当(株主優待を含む),"中国圏での店舗拡大に力を入れているため。
日本でのブランド構築は十分。このブランドを活かして成長分野の中国圏で攻めている。","1,190.0",04月08日,21:02,C:\Users\naoya\Desktop\nikkei225\minkabu\Output/3099-三越伊勢丹ホールディングス/2017-04-08-20-57-05/comment\139.html
"三越伊勢丹ホールディングス(3099)の買い予想。 37 工事中 ! さんの売買予想。 目標株価： 1,075円 期間： 長期(数ヶ月～数年) 理由： その他 買い直し 買い予想 長期 目標株価1,075円",三越伊勢丹ホールディングス,2016/09/24,19:38,買い予想,37 　 工事中 !さん,57.65,"1,044.0",+39.49,"1,075",長期(数ヶ月～数年),その他,,"1,190.0",04月08日,20:57,C:\Users\naoya\Desktop\nikkei225\minkabu\Output/3099-三越伊勢丹ホールディングス/2017-04-08-20-57-05/comment\14.html
"三越伊勢丹ホールディングス(3099)の買い予想。 keepura さんの売買予想。 目標株価： 1,157円 期間： 中期(数週間~数ヶ月) 理由： チャート 買い",三越伊勢丹ホールディングス,2009/09/10,17:21,買い予想,keepuraさん,162.99,"1,052.0",+37.03,"1,157",中期(数週間～数ヶ月),チャート,,"1,190.0",04月08日,21:02,C:\Users\naoya\Desktop\nikkei225\minkabu\Output/3099-三越伊勢丹ホールディングス/2017-04-08-20-57-05/comment\140.html
"三越伊勢丹ホールディングス(3099)の買い予想。 ムーンウォーカー さんの売買予想。 目標株価： 1,020円 期間： 短期(数分~数日) 理由： チャート 近々、上昇",三越伊勢丹ホールディングス,2009/08/15,20:59,買い予想,ムーンウォーカーさん,235.22,980.0,+60.64,"1,020",短期(数分～数日),チャート,8月14日に動きがあった感じがします。,"1,190.0",04月08日,21:02,C:\Users\naoya\Desktop\nikkei225\minkabu\Output/3099-三越伊勢丹ホールディングス/2017-04-08-20-57-05/comment\141.html
三越伊勢丹ホールディングス(3099)の売り予想。 youbank19790730 さんの売買予想。 目標株価： 650円 期間： 短期(数分~数日) 理由： 業績(会社計画の修正発表を含む) 全財産空売りしてます,三越伊勢丹ホールディングス,2009/04/11,12:30,売り予想,youbank19790730さん,-231.5,850.0,-228.15,650,短期(数分～数日),業績(会社計画の修正発表を含む),百貨店でモノを買う時代は終わったと思う,"1,190.0",04月08日,21:02,C:\Users\naoya\Desktop\nikkei225\minkabu\Output/3099-三越伊勢丹ホールディングス/2017-04-08-20-57-05/comment\142.html
三越伊勢丹ホールディングス(3099)の売り予想。 ムルシエラゴ さんの売買予想。 目標株価： 600円 期間： 中期(数週間~数ヶ月) 理由： 配当(株主優待を含む) 優待合戦終了,三越伊勢丹ホールディングス,2009/03/25,18:05,売り予想,ムルシエラゴさん,-222.58,822.0,-127.65,600,中期(数週間～数ヶ月),配当(株主優待を含む),,"1,190.0",04月08日,21:02,C:\Users\naoya\Desktop\nikkei225\minkabu\Output/3099-三越伊勢丹ホールディングス/2017-04-08-20-57-05/comment\143.html
"三越伊勢丹ホールディングス,三越伊勢丹,3099,IMH,株価,株価予想,目標株価,株,株式,みんなの株式,みんかぶ,minkabu",三越伊勢丹ホールディングス,2009/03/20,20:26,売り予想,チューリーちゃんさん,-195.34,742.0,-172.07,--,,,売りPicksにします。,"1,190.0",04月08日,21:02,C:\Users\naoya\Desktop\nikkei225\minkabu\Output/3099-三越伊勢丹ホールディングス/2017-04-08-20-57-05/comment\144.html
三越伊勢丹ホールディングス(3099)の買い予想。 faithoflove01 さんの売買予想。 目標株価： 900円 期間： 中期(数週間~数ヶ月) 理由： 配当(株主優待を含む) もう少し頑張ったもらいましょう,三越伊勢丹ホールディングス,2009/03/05,14:14,買い予想,faithoflove01さん,212.82,650.0,+235.80,900,中期(数週間～数ヶ月),配当(株主優待を含む),もうちょっと頑張って！,"1,190.0",04月08日,21:03,C:\Users\naoya\Desktop\nikkei225\minkabu\Output/3099-三越伊勢丹ホールディングス/2017-04-08-20-57-05/comment\145.html
三越伊勢丹ホールディングス(3099)の売り予想。 77じゅん77 さんの売買予想。 期間： 長期(数ヶ月～数年) うり,三越伊勢丹ホールディングス,2009/01/14,16:47,売り予想,77じゅん77さん,218.72,668.0,-222.63,--,長期(数ヶ月～数年),,,"1,190.0",04月08日,21:03,C:\Users\naoya\Desktop\nikkei225\minkabu\Output/3099-三越伊勢丹ホールディングス/2017-04-08-20-57-05/comment\146.html
三越伊勢丹ホールディングス(3099)の売り予想。 masaruikuko さんの売買予想。 目標株価： 540円 期間： 長期(数ヶ月～数年) 売り,三越伊勢丹ホールディングス,2008/12/31,12:28,売り予想,masaruikukoさん,97.3,787.0,-145.97,540,長期(数ヶ月～数年),,,"1,190.0",04月08日,21:03,C:\Users\naoya\Desktop\nikkei225\minkabu\Output/3099-三越伊勢丹ホールディングス/2017-04-08-20-57-05/comment\147.html
三越伊勢丹ホールディングス(3099)の売り予想。 ミミちゃん さんの売買予想。 目標株価： 700円 期間： 長期(数ヶ月～数年) 理由： 業績(会社計画の修正発表を含む) 百貨店売上高は11月に前年同期比6.4％減,三越伊勢丹ホールディングス,2008/12/20,21:34,売り予想,ミミちゃんさん,168.79,813.0,-132.21,700,長期(数ヶ月～数年),業績(会社計画の修正発表を含む),発表された百貨店売上高は11月に前年同期比6.4％減となり、11月では15年ぶりの落ち込みとなった。百貨店各社のボーナス商戦は厳しい展開であり、百貨店主力の同社も前年同期より5％以上落ち込んだ。NEWSミミ,"1,190.0",04月08日,21:03,C:\Users\naoya\Desktop\nikkei225\minkabu\Output/3099-三越伊勢丹ホールディングス/2017-04-08-20-57-05/comment\148.html
三越伊勢丹ホールディングス(3099)の売り予想。 ＫＩＲＡ さんの売買予想。 期間： 短期(数分~数日) うり,三越伊勢丹ホールディングス,2008/12/12,10:28,売り予想,ＫＩＲＡさん,83.79,773.0,-153.76,--,短期(数分～数日),,,"1,190.0",04月08日,21:03,C:\Users\naoya\Desktop\nikkei225\minkabu\Output/3099-三越伊勢丹ホールディングス/2017-04-08-20-57-05/comment\149.html
"三越伊勢丹ホールディングス(3099)の買い予想。 びびんば さんの売買予想。 目標株価： 1,176円 期間： 中期(数週間~数ヶ月) 理由： 個人投資家の予想 個人投資家の意見「買い」に賛成",三越伊勢丹ホールディングス,2016/09/08,14:13,買い予想,びびんばさん,21.73,"1,039.0",+41.05,"1,176",中期(数週間～数ヶ月),個人投資家の予想,,"1,190.0",04月08日,20:58,C:\Users\naoya\Desktop\nikkei225\minkabu\Output/3099-三越伊勢丹ホールディングス/2017-04-08-20-57-05/comment\15.html
三越伊勢丹ホールディングス(3099)の売り予想。 gangan0403 さんの売買予想。 期間： 中期(数週間~数ヶ月) 理由： その他 売り,三越伊勢丹ホールディングス,2008/12/04,21:05,売り予想,gangan0403さん,-189.57,707.0,-194.66,--,中期(数週間～数ヶ月),その他,"三越伊勢丹をクレディスイス証は投資評価「中立」に引き上げ(株式新聞)
2008/12/03(17:18)
http://minkabu.jp/stock/3099/news/19104","1,190.0",04月08日,21:03,C:\Users\naoya\Desktop\nikkei225\minkabu\Output/3099-三越伊勢丹ホールディングス/2017-04-08-20-57-05/comment\150.html
"三越伊勢丹ホールディングス(3099)の買い予想。 go さんの売買予想。 目標株価： 115,000円 期間： 中期(数週間~数ヶ月) 理由： チャート そろそろ",三越伊勢丹ホールディングス,2008/11/06,23:35,買い予想,goさん,184.44,833.0,+121.52,"115,000",中期(数週間～数ヶ月),チャート,"決算は１３日ですが　そろそろ騰がってくると思います

","1,190.0",04月08日,21:03,C:\Users\naoya\Desktop\nikkei225\minkabu\Output/3099-三越伊勢丹ホールディングス/2017-04-08-20-57-05/comment\151.html
"三越伊勢丹ホールディングス,三越伊勢丹,3099,IMH,株価,株価予想,目標株価,株,株式,みんなの株式,みんかぶ,minkabu",三越伊勢丹ホールディングス,2008/10/29,13:28,買い予想,いっちーさん,34.96,907.0,+88.41,--,,,優待欲しいです。,"1,190.0",04月08日,21:03,C:\Users\naoya\Desktop\nikkei225\minkabu\Output/3099-三越伊勢丹ホールディングス/2017-04-08-20-57-05/comment\152.html
三越伊勢丹ホールディングス(3099)の売り予想。 これかわぎんぞう2世 さんの売買予想。 目標株価： 900円 期間： 中期(数週間~数ヶ月) ＵＲＩ,三越伊勢丹ホールディングス,2008/10/06,10:25,売り予想,これかわぎんぞう2世さん,-377.96,"1,231.0",+9.23,900,中期(数週間～数ヶ月),,,"1,190.0",04月08日,21:03,C:\Users\naoya\Desktop\nikkei225\minkabu\Output/3099-三越伊勢丹ホールディングス/2017-04-08-20-57-05/comment\153.html
"三越伊勢丹ホールディングス(3099)の売り予想。 のろ さんの売買予想。 目標株価： 1,160円 期間： 短期(数分~数日) 理由： その他 売り",三越伊勢丹ホールディングス,2008/10/06,01:33,売り予想,のろさん,218.49,"1,244.0",+12.11,"1,160",短期(数分～数日),その他,にゅーす,"1,190.0",04月08日,21:03,C:\Users\naoya\Desktop\nikkei225\minkabu\Output/3099-三越伊勢丹ホールディングス/2017-04-08-20-57-05/comment\154.html
"三越伊勢丹ホールディングス,三越伊勢丹,3099,IMH,株価,株価予想,目標株価,株,株式,みんなの株式,みんかぶ,minkabu",三越伊勢丹ホールディングス,2008/06/30,17:29,売り予想,つばささん,-18.93,"1,137.0",-13.50,--,,チャート,,"1,190.0",04月08日,21:03,C:\Users\naoya\Desktop\nikkei225\minkabu\Output/3099-三越伊勢丹ホールディングス/2017-04-08-20-57-05/comment\155.html
"三越伊勢丹ホールディングス(3099)の売り予想。 attractive さんの売買予想。 目標株価： 1,220円 期間： 短期(数分~数日) 理由： その他 個人消費の落ち込み",三越伊勢丹ホールディングス,2008/06/22,23:54,売り予想,attractiveさん,134.68,"1,249.0",+13.20,"1,220",短期(数分～数日),その他,興味のある銘柄ですが、いまひとつふるわないと思う,"1,190.0",04月08日,21:03,C:\Users\naoya\Desktop\nikkei225\minkabu\Output/3099-三越伊勢丹ホールディングス/2017-04-08-20-57-05/comment\156.html
"三越伊勢丹ホールディングス(3099)の買い予想。 ちょこたん さんの売買予想。 目標株価： 1,200円 期間： 中期(数週間~数ヶ月) 理由： 業績(会社計画の修正発表を含む) 1200円には戻したい",三越伊勢丹ホールディングス,2008/04/21,22:45,買い予想,ちょこたんさん,90.88,"1,070.0",+31.62,"1,200",中期(数週間～数ヶ月),業績(会社計画の修正発表を含む),,"1,190.0",04月08日,21:03,C:\Users\naoya\Desktop\nikkei225\minkabu\Output/3099-三越伊勢丹ホールディングス/2017-04-08-20-57-05/comment\157.html
"三越伊勢丹ホールディングス(3099)の買い予想。 イサム さんの売買予想。 目標株価： 1,200円 期間： 長期(数ヶ月～数年) 理由： 業績(会社計画の修正発表を含む) 新線の影響",三越伊勢丹ホールディングス,2008/04/10,01:13,買い予想,イサムさん,対象外,"1,090.0",+25.82,"1,200",長期(数ヶ月～数年),業績(会社計画の修正発表を含む),"ずばり、副都心線開通にともない新宿三丁目の伊勢丹の集客増が見込めます。
駅直結みたいだし。

ここの伊勢丹は人気ですので、効果がでるんではないでしょうか？？

百貨店は過去の遺物といわることもありますが
デパ地下や最先端ブランドなどなかなかがんばってます。

最近買い物してませんが・・・。","1,190.0",04月08日,21:03,C:\Users\naoya\Desktop\nikkei225\minkabu\Output/3099-三越伊勢丹ホールディングス/2017-04-08-20-57-05/comment\158.html
三越伊勢丹ホールディングス(3099)の買い予想。 すて さんの売買予想。 期間： 長期(数ヶ月～数年) 理由： イベント(増資／合弁・買収／分割等) 買い,三越伊勢丹ホールディングス,2008/04/03,02:34,買い予想,すてさん,12.33,"1,168.0",+5.11,--,長期(数ヶ月～数年),イベント(増資／合弁・買収／分割等),伸びて欲しい,"1,190.0",04月08日,21:03,C:\Users\naoya\Desktop\nikkei225\minkabu\Output/3099-三越伊勢丹ホールディングス/2017-04-08-20-57-05/comment\159.html
"三越伊勢丹ホールディングス(3099)の買い予想。 spring-mallow さんの売買予想。 目標株価： 1,500円 期間： 中期(数週間~数ヶ月) 理由： 個人投資家の予想 株価診断結果「割安」に賛成",三越伊勢丹ホールディングス,2016/09/02,11:01,買い予想,spring-mallowさん,28.28,994.0,+55.78,"1,500",中期(数週間～数ヶ月),個人投資家の予想,"【株価分析結果】2016/09/02 01:56
　割安

  【総論】
　この銘柄は、みんかぶリサーチによる株価診断において過去比較で割安と判断され、また相対比較でも割安と判断されます。結果、現在の株価は「割安」と結論付けました。
　但し、この銘柄の株価が「1,034円」を超えると割高圏内に入ります。加えて、PBRが一倍割れなことから将来のキャッシュフローが悪化する見通しの場合を除き、長期的には下値リスクの軽減から買い圧力が高まる可能性があります。
　このように、この銘柄は現在の株価水準において割安と判断されますが、この結果は必ずしも今後の株価の上昇を示唆するものではありません。
投資判断においては、株主還元関連事項を中心に、企業や外部環境の動向に注視してください。


【過去比較】
　過去2年間において、この銘柄はPSRの変動幅が最も狭いことから売上動向が投資判断で重視されている可能性があります。現状、PSRは過去平均値より低い為、過去比較の観点からは割安と判断されます。

【相対比較】
　一方、この銘柄の配当利回りは同一業種分類銘柄の平均値と連動性が高い傾向にあります。つまり、この銘柄の投資判断では同一業種分類を対象に株主還元策が比較されている可能性があります。
　結果、現在、この銘柄の配当利回りは同一業種分類の平均値よりも高い為、相対比較の観点からは割安と判断されます。

","1,190.0",04月08日,20:58,C:\Users\naoya\Desktop\nikkei225\minkabu\Output/3099-三越伊勢丹ホールディングス/2017-04-08-20-57-05/comment\16.html
"三越伊勢丹ホールディングス(3099)の買い予想。 たけちゃんマン さんの売買予想。 目標株価： 1,350円 期間： 中期(数週間~数ヶ月) 理由： イベント(増資／合弁・買収／分割等) 公家と武士",三越伊勢丹ホールディングス,2008/04/01,13:02,買い予想,たけちゃんマンさん,2.49,"1,189.0",+0.00,"1,350",中期(数週間～数ヶ月),イベント(増資／合弁・買収／分割等),今日統合してさ、国内最大のデパートになったね。さしあたり銀座、大阪でデパート戦争が激化しそうだわ。,"1,190.0",04月08日,21:03,C:\Users\naoya\Desktop\nikkei225\minkabu\Output/3099-三越伊勢丹ホールディングス/2017-04-08-20-57-05/comment\160.html
"三越伊勢丹ホールディングス(3099)の買い予想。 kuboyan さんの売買予想。 目標株価： 1,500円 期間： 中期(数週間~数ヶ月) 理由： チャート 不透明",三越伊勢丹ホールディングス,2008/04/01,11:14,買い予想,kuboyanさん,149.05,"1,201.0",-2.84,"1,500",中期(数週間～数ヶ月),チャート,"三越伊勢丹は急伸スタート、共同持株会社は４戦全勝(東洋経済新報社)
2008/04/01(10:24)
http://minkabu.jp/stock/3099/news/11594","1,190.0",04月08日,21:03,C:\Users\naoya\Desktop\nikkei225\minkabu\Output/3099-三越伊勢丹ホールディングス/2017-04-08-20-57-05/comment\161.html
"三越伊勢丹ホールディングス(3099)の買い予想。 aoaokabu さんの売買予想。 目標株価： 1,226円 期間： 中期(数週間~数ヶ月) 理由： 配当(株主優待を含む) 個人投資家の意見「買い」に賛成",三越伊勢丹ホールディングス,2016/08/19,08:16,買い予想,aoaokabuさん,6.02,988.0,+57.85,"1,226",中期(数週間～数ヶ月),配当(株主優待を含む),,"1,190.0",04月08日,20:58,C:\Users\naoya\Desktop\nikkei225\minkabu\Output/3099-三越伊勢丹ホールディングス/2017-04-08-20-57-05/comment\17.html
三越伊勢丹ホールディングス(3099)の売り予想。 民家部 さんの売買予想。 目標株価： 98円 期間： 長期(数ヶ月～数年) 理由： 業績(会社計画の修正発表を含む) 売り,三越伊勢丹ホールディングス,2016/08/08,21:32,売り予想,民家部さん,-1.3,979.0,-61.57,98,長期(数ヶ月～数年),業績(会社計画の修正発表を含む),,"1,190.0",04月08日,20:58,C:\Users\naoya\Desktop\nikkei225\minkabu\Output/3099-三越伊勢丹ホールディングス/2017-04-08-20-57-05/comment\18.html
三越伊勢丹ホールディングス(3099)の買い予想。 fsicon さんの売買予想。 目標株価： 950円 期間： 中期(数週間~数ヶ月) 理由： 個人投資家の予想 買い予想 中期 目標株価935円,三越伊勢丹ホールディングス,2016/07/10,17:01,買い予想,fsiconさん,11.38,919.0,+83.54,950,中期(数週間～数ヶ月),個人投資家の予想,,"1,190.0",04月08日,20:58,C:\Users\naoya\Desktop\nikkei225\minkabu\Output/3099-三越伊勢丹ホールディングス/2017-04-08-20-57-05/comment\19.html
"三越伊勢丹ホールディングス(3099)の売り予想。 ひとみん｡｡☆ さんの売買予想。 目標株価： 1,200円 期間： 短期(数分~数日) 理由： チャート ･･･下げそう☆",三越伊勢丹ホールディングス,2017/03/30,08:29,売り予想,ひとみん｡｡☆さん,0.86,"1,257.0",+14.93,"1,200",短期(数分～数日),チャート,,"1,190.0",04月08日,20:57,C:\Users\naoya\Desktop\nikkei225\minkabu\Output/3099-三越伊勢丹ホールディングス/2017-04-08-20-57-05/comment\2.html
"三越伊勢丹ホールディングス(3099)の買い予想。 魔女＆ジジの宅配便 さんの売買予想。 目標株価： 1,175円 期間： 長期(数ヶ月～数年) 理由： 個人投資家の予想 hu",三越伊勢丹ホールディングス,2016/07/03,15:52,買い予想,魔女＆ジジの宅配便さん,7.33,900.0,+91.31,"1,175",長期(数ヶ月～数年),個人投資家の予想,,"1,190.0",04月08日,20:58,C:\Users\naoya\Desktop\nikkei225\minkabu\Output/3099-三越伊勢丹ホールディングス/2017-04-08-20-57-05/comment\20.html
三越伊勢丹ホールディングス(3099)の売り予想。 CATSWIMMER さんの売買予想。 目標株価： 472円 期間： 短期(数分~数日) 理由： 業績(会社計画の修正発表を含む) 売り予想 短期 目標株価472円,三越伊勢丹ホールディングス,2016/06/26,21:49,売り予想,CATSWIMMERさん,-23.95,944.0,-74.40,471,短期(数分～数日),業績(会社計画の修正発表を含む),,"1,190.0",04月08日,20:58,C:\Users\naoya\Desktop\nikkei225\minkabu\Output/3099-三越伊勢丹ホールディングス/2017-04-08-20-57-05/comment\21.html
"三越伊勢丹ホールディングス(3099)の売り予想。 msplash さんの売買予想。 目標株価： 1,080円 期間： 短期(数分~数日) 理由： 業績(会社計画の修正発表を含む) 個人投資家の意見「買い」に反対",三越伊勢丹ホールディングス,2016/05/15,22:25,売り予想,msplashさん,-42.65,"1,040.0",-41.28,"1,080",短期(数分～数日),業績(会社計画の修正発表を含む),,"1,190.0",04月08日,20:58,C:\Users\naoya\Desktop\nikkei225\minkabu\Output/3099-三越伊勢丹ホールディングス/2017-04-08-20-57-05/comment\22.html
"三越伊勢丹ホールディングス(3099)の買い予想。 モーリィー さんの売買予想。 目標株価： 2,003円 期間： 中期(数週間~数ヶ月) 理由： 業績(会社計画の修正発表を含む) 買い予想 中期 目標株価2,003円",三越伊勢丹ホールディングス,2016/04/25,00:52,買い予想,モーリィーさん,-1.6,"1,277.0",-19.59,"2,003",中期(数週間～数ヶ月),業績(会社計画の修正発表を含む),,"1,190.0",04月08日,20:58,C:\Users\naoya\Desktop\nikkei225\minkabu\Output/3099-三越伊勢丹ホールディングス/2017-04-08-20-57-05/comment\23.html
"三越伊勢丹ホールディングス(3099)の買い予想。 プースケ777 さんの売買予想。 目標株価： 1,835円 期間： 中期(数週間~数ヶ月) 理由： 配当(株主優待を含む) 株価診断結果「割安」に賛成",三越伊勢丹ホールディングス,2016/03/18,23:05,買い予想,プースケ777さん,-31.63,"1,367.0",-37.02,"1,835",中期(数週間～数ヶ月),配当(株主優待を含む),"【株価分析結果】2016/03/18 01:53
　割安

  【総論】
　この銘柄は、みんかぶリサーチによる株価診断において過去比較で割安と判断され、また相対比較でも割安と判断されます。結果、現在の株価は「割安」と結論付けました。
　但し、この銘柄の株価が「1,835円」を超えると割高圏内に入ります。なお、この銘柄は相対比較において割引評価される傾向にあり、理論株価はその点を考慮して算出されております。加えて、PBRが一倍割れなことから将来のキャッシュフローが悪化する見通しの場合を除き、長期的には下値リスクの軽減から買い圧力が高まる可能性があります。
　このように、この銘柄は現在の株価水準において割安と判断されますが、この結果は必ずしも今後の株価の上昇を示唆するものではありません。
投資判断においては、売上関連事項を中心に、企業や外部環境の動向に注視してください。


【過去比較】
　過去2年間において、この銘柄はPBRの変動幅が最も狭いことから純資産動向が投資判断で重視されている可能性があります。現状、PBRは過去平均値より低い為、過去比較の観点からは割安と判断されます。

【相対比較】
　一方、この銘柄のPSRは同一取引市場銘柄の平均値と連動性が高い傾向にあります。つまり、この銘柄の投資判断では同一取引市場を対象に売上動向が比較されている可能性があります。また、この銘柄は相対比較において割引評価される傾向にある為、それを考慮します。
　結果、現在、この銘柄の株価は相対比較の観点で割安と判断されます。

","1,190.0",04月08日,20:58,C:\Users\naoya\Desktop\nikkei225\minkabu\Output/3099-三越伊勢丹ホールディングス/2017-04-08-20-57-05/comment\24.html
"三越伊勢丹ホールディングス(3099)の買い予想。 koba2000 さんの売買予想。 目標株価： 1,610円 期間： 中期(数週間~数ヶ月) 理由： 業績(会社計画の修正発表を含む) 株価診断結果「割安」に賛成",三越伊勢丹ホールディングス,2016/01/24,05:43,買い予想,koba2000さん,-63.31,"1,536.0",-64.24,"1,610",中期(数週間～数ヶ月),業績(会社計画の修正発表を含む),"【株価分析結果】2016/01/23 01:13　割安  【総論】　この銘柄は、みんかぶリサーチによる株価診断において過去比較で割安と判断され、また相対比較でも割安と判断されます。結果、現在の株価は「割安」と結論付けました。　但し、この銘柄の株価が「1,610円」を超えると割高圏内に入ります。なお、この銘柄は相対比較において割引評価される傾向にあり、理論株価はその点を考慮して算出されております。　このように、この銘柄は現在の株価水準において割安と判断されますが、この結果は必ずしも今後の株価の上昇を示唆するものではありません。投資判断においては、売上関連事項を中心に、企業や外部環境の動向に注視してください。【過去比較】　過去2年間において、この銘柄はPBRの変動幅が最も狭いことから純資産動向が投資判断で重視されている可能性があります。現状、PBRは過去平均値より低い為、過去比較の観点からは割安と判断されます。【相対比較】　一方、この銘柄のPSRは同一取引市場銘柄の平均値と連動性が高い傾向にあります。つまり、この銘柄の投資判断では同一取引市場を対象に売上動向が比較されている可能性があります。また、この銘柄は相対比較において割引評価される傾向にある為、それを考慮します。　結果、現在、この銘柄の株価は相対比較の観点で割安と判断されます。","1,190.0",04月08日,20:58,C:\Users\naoya\Desktop\nikkei225\minkabu\Output/3099-三越伊勢丹ホールディングス/2017-04-08-20-57-05/comment\25.html
"三越伊勢丹ホールディングス(3099)の売り予想。 松岡政也 さんの売買予想。 目標株価： 1,003円 期間： 長期(数ヶ月～数年) 理由： その他 売り予想",三越伊勢丹ホールディングス,2015/11/22,19:23,売り予想,松岡政也さん,-25.38,"1,891.0",+105.26,"1,003",長期(数ヶ月～数年),その他,"【株価分析結果】2015/11/21 01:13
　割高

  【総論】
　この銘柄は、みんかぶリサーチによる株価診断において過去比較で割高と判断され、また相対比較でも割高と判断されます。結果、現在の株価は「割高」と結論付けました。
　但し、この銘柄の株価が「1,803円」を割ると割安圏内に入ります。なお、この銘柄は相対比較において割引評価される傾向にあり、理論株価はその点を考慮して算出されております。
　このように、この銘柄は現在の株価水準において割高と判断されますが、この結果は必ずしも今後の株価の下落を示唆するものではありません。
投資判断においては、売上関連事項を中心に、企業や外部環境の動向に注視してください。


【過去比較】
　過去2年間において、この銘柄はPBRの変動幅が最も狭いことから純資産動向が投資判断で重視されている可能性があります。現状、PBRは過去平均値より高い為、過去比較の観点からは割高と判断されます。

【相対比較】
　一方、この銘柄のPSRは同一取引市場銘柄の平均値と連動性が高い傾向にあります。つまり、この銘柄の投資判断では同一取引市場を対象に売上動向が比較されている可能性があります。また、この銘柄は相対比較において割引評価される傾向にある為、それを考慮します。
　結果、現在、この銘柄の株価は相対比較の観点で割高と判断されます。
","1,190.0",04月08日,20:58,C:\Users\naoya\Desktop\nikkei225\minkabu\Output/3099-三越伊勢丹ホールディングス/2017-04-08-20-57-05/comment\26.html
"三越伊勢丹ホールディングス(3099)の買い予想。 gzmys さんの売買予想。 目標株価： 2,228円 期間： 中期(数週間~数ヶ月) 理由： 業績(会社計画の修正発表を含む) 買い予想 中期 目標株価2,225円",三越伊勢丹ホールディングス,2015/10/26,22:06,買い予想,gzmysさん,15.89,"1,931.0",-109.26,"2,228",中期(数週間～数ヶ月),業績(会社計画の修正発表を含む),,"1,190.0",04月08日,20:59,C:\Users\naoya\Desktop\nikkei225\minkabu\Output/3099-三越伊勢丹ホールディングス/2017-04-08-20-57-05/comment\27.html
"三越伊勢丹ホールディングス(3099)の買い予想。 pinksapphire さんの売買予想。 目標株価： 2,278円 期間： 中期(数週間~数ヶ月) 理由： 業績(会社計画の修正発表を含む) 個人投資家の意見「買い」に賛成",三越伊勢丹ホールディングス,2015/10/08,13:16,買い予想,pinksapphireさん,40.24,"1,840.0",-100.60,"2,278",中期(数週間～数ヶ月),業績(会社計画の修正発表を含む),,"1,190.0",04月08日,20:59,C:\Users\naoya\Desktop\nikkei225\minkabu\Output/3099-三越伊勢丹ホールディングス/2017-04-08-20-57-05/comment\28.html
"三越伊勢丹ホールディングス(3099)の買い予想。 toujirou さんの売買予想。 目標株価： 2,268円 期間： 長期(数ヶ月～数年) 理由： チャート 買い予想 長期 目標株価2,268円",三越伊勢丹ホールディングス,2015/10/06,23:30,買い予想,toujirouさん,61.93,"1,922.0",-108.44,"2,268",長期(数ヶ月～数年),チャート,,"1,190.0",04月08日,20:59,C:\Users\naoya\Desktop\nikkei225\minkabu\Output/3099-三越伊勢丹ホールディングス/2017-04-08-20-57-05/comment\29.html
"三越伊勢丹ホールディングス(3099)の買い予想。 へっくん さんの売買予想。 目標株価： 1,412円 期間： 中期(数週間~数ヶ月) 理由： 配当(株主優待を含む) 買い",三越伊勢丹ホールディングス,2017/03/12,11:21,買い予想,へっくんさん,3.22,"1,344.0",-32.79,"1,412",中期(数週間～数ヶ月),配当(株主優待を含む),,"1,190.0",04月08日,20:57,C:\Users\naoya\Desktop\nikkei225\minkabu\Output/3099-三越伊勢丹ホールディングス/2017-04-08-20-57-05/comment\3.html
三越伊勢丹ホールディングス(3099)の売り予想。 短期決戦 さんの売買予想。 目標株価： 300円 期間： 長期(数ヶ月～数年) 理由： 個人投資家の予想 売り転換。,三越伊勢丹ホールディングス,2015/09/12,12:19,売り予想,短期決戦さん,131.46,"1,813.0",+97.55,300,長期(数ヶ月～数年),個人投資家の予想,,"1,190.0",04月08日,20:59,C:\Users\naoya\Desktop\nikkei225\minkabu\Output/3099-三越伊勢丹ホールディングス/2017-04-08-20-57-05/comment\30.html
"三越伊勢丹ホールディングス(3099)の売り予想。 hihi0922 さんの売買予想。 目標株価： 1,745円 期間： 長期(数ヶ月～数年) 理由： 配当(株主優待を含む) 売り予想 長期 目標株価1,745円",三越伊勢丹ホールディングス,2015/08/25,17:18,売り予想,hihi0922さん,98.92,"1,834.0",+99.69,"1,745",長期(数ヶ月～数年),配当(株主優待を含む),,"1,190.0",04月08日,20:59,C:\Users\naoya\Desktop\nikkei225\minkabu\Output/3099-三越伊勢丹ホールディングス/2017-04-08-20-57-05/comment\31.html
"三越伊勢丹ホールディングス(3099)の買い予想。 株ぴぽ さんの売買予想。 目標株価： 2,336円 期間： 長期(数ヶ月～数年) 理由： 個人投資家の予想 個人投資家の意見「買い」に賛成",三越伊勢丹ホールディングス,2015/08/20,14:23,買い予想,株ぴぽさん,-76.58,"2,021.0",-117.06,"2,336",長期(数ヶ月～数年),個人投資家の予想,"直近6ヶ月安値圏の為買い。
9月期の優待目当て買いも期待できる。","1,190.0",04月08日,20:59,C:\Users\naoya\Desktop\nikkei225\minkabu\Output/3099-三越伊勢丹ホールディングス/2017-04-08-20-57-05/comment\32.html
"三越伊勢丹ホールディングス(3099)の買い予想。 エグゼクティブ・まっち さんの売買予想。 目標株価： 2,755円 期間： 長期(数ヶ月～数年) 理由： チャート 御祝い。大阪市・住民投票・勝利で、「買い」",三越伊勢丹ホールディングス,2015/08/18,00:16,買い予想,エグゼクティブ・まっちさん,-14.13,"2,110.0",-124.12,"2,754",長期(数ヶ月～数年),チャート,,"1,190.0",04月08日,20:59,C:\Users\naoya\Desktop\nikkei225\minkabu\Output/3099-三越伊勢丹ホールディングス/2017-04-08-20-57-05/comment\33.html
"三越伊勢丹ホールディングス(3099)の買い予想。 長津田 さんの売買予想。 目標株価： 3,141円 期間： 長期(数ヶ月～数年) 理由： チャート 買い予想 長期 目標株価3,141円",三越伊勢丹ホールディングス,2015/07/29,22:27,買い予想,長津田さん,-97.24,"2,328.0",-139.12,"3,141",長期(数ヶ月～数年),チャート,７月２７日レーティング情報：ＵＢＳ証券(メルトレ)2015/07/28(13:31)http://minkabu.jp/stock/3099/news/922630,"1,190.0",04月08日,20:59,C:\Users\naoya\Desktop\nikkei225\minkabu\Output/3099-三越伊勢丹ホールディングス/2017-04-08-20-57-05/comment\34.html
"三越伊勢丹ホールディングス(3099)の買い予想。 yosikunn さんの売買予想。 目標株価： 2,500円 期間： 長期(数ヶ月～数年) 理由： チャート 個人投資家の意見「買い」に賛成",三越伊勢丹ホールディングス,2015/07/28,23:13,買い予想,yosikunnさん,-31.73,"2,300.0",-137.35,"2,500",長期(数ヶ月～数年),チャート,,"1,190.0",04月08日,20:59,C:\Users\naoya\Desktop\nikkei225\minkabu\Output/3099-三越伊勢丹ホールディングス/2017-04-08-20-57-05/comment\35.html
"三越伊勢丹ホールディングス(3099)の買い予想。 あわわわ さんの売買予想。 目標株価： 2,645円 期間： 短期(数分~数日) 理由： 個人投資家の予想 個人投資家の意見「買い」に賛成",三越伊勢丹ホールディングス,2015/07/28,17:16,買い予想,あわわわさん,-21.56,"2,300.0",-137.35,"2,645",短期(数分～数日),個人投資家の予想,,"1,190.0",04月08日,20:59,C:\Users\naoya\Desktop\nikkei225\minkabu\Output/3099-三越伊勢丹ホールディングス/2017-04-08-20-57-05/comment\36.html
"三越伊勢丹ホールディングス(3099)の買い予想。 ひでたろう１２ さんの売買予想。 目標株価： 2,308円 期間： 長期(数ヶ月～数年) 理由： 個人投資家の予想 個人投資家の意見「買い」に賛成",三越伊勢丹ホールディングス,2015/07/19,08:53,買い予想,ひでたろう１２さん,154.87,"2,330.0",-139.25,"2,308",長期(数ヶ月～数年),個人投資家の予想,,"1,190.0",04月08日,20:59,C:\Users\naoya\Desktop\nikkei225\minkabu\Output/3099-三越伊勢丹ホールディングス/2017-04-08-20-57-05/comment\37.html
"三越伊勢丹ホールディングス(3099)の売り予想。 ゴルゴ42 さんの売買予想。 目標株価： 1,500円 期間： 中期(数週間~数ヶ月) 理由： その他 株価診断結果「割高」に賛成",三越伊勢丹ホールディングス,2015/07/09,13:39,売り予想,ゴルゴ42さん,122.41,"2,100.0",+123.08,"1,500",中期(数週間～数ヶ月),その他,"【株価分析結果】2015/07/09 01:14
　割高

  【総論】
　この銘柄は、みんかぶリサーチによる株価診断において過去比較で割高と判断され、また相対比較でも割高と判断されます。結果、現在の株価は「割高」と結論付けました。
　但し、この銘柄の株価が「1,642円」を割ると割安圏内に入ります。
　このように、この銘柄は現在の株価水準において割高と判断されますが、この結果は必ずしも今後の株価の下落を示唆するものではありません。
投資判断においては、売上関連事項を中心に、企業や外部環境の動向に注視してください。


【過去比較】
　過去2年間において、この銘柄はPBRの変動幅が最も狭いことから純資産動向が投資判断で重視されている可能性があります。現状、PBRは過去平均値より高い為、過去比較の観点からは割高と判断されます。

【相対比較】
　一方、この銘柄のPSRは同一業種分類銘柄の平均値と連動性が高い傾向にあります。つまり、この銘柄の投資判断では同一業種分類を対象に売上動向が比較されている可能性があります。
　結果、現在、この銘柄のPSRは同一業種分類の平均値よりも高い為、相対比較の観点からは割高と判断されます。

","1,190.0",04月08日,20:59,C:\Users\naoya\Desktop\nikkei225\minkabu\Output/3099-三越伊勢丹ホールディングス/2017-04-08-20-57-05/comment\38.html
"三越伊勢丹ホールディングス(3099)の売り予想。 侍太郎 さんの売買予想。 目標株価： 1,700円 期間： 中期(数週間~数ヶ月) 理由： 業績(会社計画の修正発表を含む) 個人投資家の意見「買い」に反対",三越伊勢丹ホールディングス,2015/05/18,01:53,売り予想,侍太郎さん,107.59,"1,924.0",+108.33,"1,700",中期(数週間～数ヶ月),業績(会社計画の修正発表を含む),,"1,190.0",04月08日,20:59,C:\Users\naoya\Desktop\nikkei225\minkabu\Output/3099-三越伊勢丹ホールディングス/2017-04-08-20-57-05/comment\39.html
"三越伊勢丹ホールディングス(3099)の売り予想。 miori さんの売買予想。 目標株価： 1,363円 期間： 中期(数週間~数ヶ月) 理由： 業績(会社計画の修正発表を含む) 株価診断結果「割高」に賛成",三越伊勢丹ホールディングス,2017/03/02,15:39,売り予想,mioriさん,49.81,"1,450.0",+50.79,"1,363",中期(数週間～数ヶ月),業績(会社計画の修正発表を含む),"【株価分析結果】2017/03/02 01:52　割高  【総論】　この銘柄は、みんかぶリサーチによる株価診断において過去比較で割安と判断され、また相対比較で割高と判断されます。しかし、相対比較の方が連動性が高いことから、現在の株価は「割高」と結論付けました。　但し、この銘柄の株価が「1,363円」を割ると割安圏内に入ります。なお、この銘柄は相対比較においてプレミアム評価される傾向にあり、理論株価はその点を考慮して算出されております。　このように、この銘柄は現在の株価水準において割高と判断されますが、この結果は必ずしも今後の株価の下落を示唆するものではありません。投資判断においては、株主還元関連事項を中心に、企業や外部環境の動向に注視してください。【過去比較】　過去2年間において、この銘柄はPSRの変動幅が最も狭いことから売上動向が投資判断で重視されている可能性があります。現状、PSRは過去平均値より低い為、過去比較の観点からは割安と判断されます。【相対比較】　一方、この銘柄の配当利回りは類似時価総額銘柄の平均値と連動性が高い傾向にあります。つまり、この銘柄の投資判断では類似時価総額を対象に株主還元策が比較されている可能性があります。また、この銘柄は相対比較においてプレミアム評価される傾向にある為、それを考慮します。　結果、現在、この銘柄の株価は相対比較の観点で割高と判断されます。","1,190.0",04月08日,20:57,C:\Users\naoya\Desktop\nikkei225\minkabu\Output/3099-三越伊勢丹ホールディングス/2017-04-08-20-57-05/comment\4.html
"三越伊勢丹ホールディングス(3099)の買い予想。 こちゅ子ちゃん さんの売買予想。 目標株価： 2,163円 期間： 中期(数週間~数ヶ月) 理由： その他 買い",三越伊勢丹ホールディングス,2015/04/30,12:57,買い予想,こちゅ子ちゃんさん,18.1,"1,960.0",-111.85,"2,162",中期(数週間～数ヶ月),その他,,"1,190.0",04月08日,20:59,C:\Users\naoya\Desktop\nikkei225\minkabu\Output/3099-三越伊勢丹ホールディングス/2017-04-08-20-57-05/comment\40.html
"三越伊勢丹ホールディングス(3099)の買い予想。 OneManAlpha さんの売買予想。 目標株価： 2,136円 期間： 中期(数週間~数ヶ月) 理由： 個人投資家の予想 個人投資家の意見「買い」に賛成",三越伊勢丹ホールディングス,2015/04/27,19:06,買い予想,OneManAlphaさん,-59.24,"2,076.0",-121.49,"2,136",中期(数週間～数ヶ月),個人投資家の予想,,"1,190.0",04月08日,20:59,C:\Users\naoya\Desktop\nikkei225\minkabu\Output/3099-三越伊勢丹ホールディングス/2017-04-08-20-57-05/comment\41.html
"三越伊勢丹ホールディングス(3099)の買い予想。 アナトリアの傭兵 さんの売買予想。 目標株価： 3,108円 期間： 長期(数ヶ月～数年) 理由： チャート 個人投資家の意見「買い」に賛成",三越伊勢丹ホールディングス,2015/04/23,20:48,買い予想,アナトリアの傭兵さん,116.95,"2,077.0",-121.57,"3,108",長期(数ヶ月～数年),チャート,,"1,190.0",04月08日,20:59,C:\Users\naoya\Desktop\nikkei225\minkabu\Output/3099-三越伊勢丹ホールディングス/2017-04-08-20-57-05/comment\42.html
"三越伊勢丹ホールディングス(3099)の売り予想。 ひのでのうなばら さんの売買予想。 目標株価： 1,650円 期間： 中期(数週間~数ヶ月) 理由： 業績(会社計画の修正発表を含む) 売り予想 中期 目標株価1,650円",三越伊勢丹ホールディングス,2015/04/17,22:54,売り予想,ひのでのうなばらさん,-4.31,"2,047.0",+118.91,"1,650",中期(数週間～数ヶ月),業績(会社計画の修正発表を含む),,"1,190.0",04月08日,20:59,C:\Users\naoya\Desktop\nikkei225\minkabu\Output/3099-三越伊勢丹ホールディングス/2017-04-08-20-57-05/comment\43.html
"三越伊勢丹ホールディングス(3099)の売り予想。 hsm2 さんの売買予想。 目標株価： 1,579円 期間： 中期(数週間~数ヶ月) 理由： 個人投資家の予想 落ち着け",三越伊勢丹ホールディングス,2015/04/12,06:32,売り予想,hsm2さん,27.99,"2,256.0",+134.23,"1,578",中期(数週間～数ヶ月),個人投資家の予想,,"1,190.0",04月08日,20:59,C:\Users\naoya\Desktop\nikkei225\minkabu\Output/3099-三越伊勢丹ホールディングス/2017-04-08-20-57-05/comment\44.html
"三越伊勢丹ホールディングス(3099)の買い予想。 YSMARON さんの売買予想。 目標株価： 2,500円 期間： 中期(数週間~数ヶ月) 理由： 業績(会社計画の修正発表を含む) 個人投資家の意見「買い」に賛成",三越伊勢丹ホールディングス,2015/04/08,23:13,買い予想,YSMARONさん,-35.35,"2,184.0",-129.55,"2,500",中期(数週間～数ヶ月),業績(会社計画の修正発表を含む),,"1,190.0",04月08日,20:59,C:\Users\naoya\Desktop\nikkei225\minkabu\Output/3099-三越伊勢丹ホールディングス/2017-04-08-20-57-05/comment\45.html
"三越伊勢丹ホールディングス(3099)の買い予想。 ASTERION さんの売買予想。 目標株価： 2,100円 期間： 短期(数分~数日) 理由： イベント(増資／合弁・買収／分割等) 株価「割高」に反対 3/24新規公開株",三越伊勢丹ホールディングス,2015/03/22,00:05,買い予想,ASTERIONさん,-67.77,"1,994.0",-114.79,"2,100",短期(数分～数日),イベント(増資／合弁・買収／分割等),"百貨店2月売り上げ発表日で春節のバク買いが良好だった事と、
来週3/24新規公開株の（6038）イードの大株主欄に（3099）三越伊勢丹と（3754）エキサイトがあるから。","1,190.0",04月08日,20:59,C:\Users\naoya\Desktop\nikkei225\minkabu\Output/3099-三越伊勢丹ホールディングス/2017-04-08-20-57-05/comment\46.html
"三越伊勢丹ホールディングス(3099)の買い予想。 masa-jwm さんの売買予想。 目標株価： 1,764円 期間： 短期(数分~数日) 理由： 個人投資家の予想 個人投資家の意見「買い」に賛成",三越伊勢丹ホールディングス,2015/02/01,20:52,買い予想,masa-jwmさん,-82.02,"1,678.0",-82.86,"1,764",短期(数分～数日),個人投資家の予想,,"1,190.0",04月08日,20:59,C:\Users\naoya\Desktop\nikkei225\minkabu\Output/3099-三越伊勢丹ホールディングス/2017-04-08-20-57-05/comment\47.html
"三越伊勢丹ホールディングス(3099)の買い予想。 hap*y77*an さんの売買予想。 目標株価： 1,739円 期間： 短期(数分~数日) 理由： チャート 買い予想 短期 目標株価1,731円",三越伊勢丹ホールディングス,2015/01/30,11:57,買い予想,hap*y77*anさん,21.01,"1,689.0",-84.18,"1,739",短期(数分～数日),チャート,,"1,190.0",04月08日,20:59,C:\Users\naoya\Desktop\nikkei225\minkabu\Output/3099-三越伊勢丹ホールディングス/2017-04-08-20-57-05/comment\48.html
"三越伊勢丹ホールディングス(3099)の売り予想。 HRT さんの売買予想。 目標株価： 1,495円 期間： 長期(数ヶ月～数年) 理由： 業績(会社計画の修正発表を含む) 売り予想 長期 目標株価1,482円",三越伊勢丹ホールディングス,2015/01/17,10:33,売り予想,HRTさん,59.1,"1,510.0",+60.07,"1,495",長期(数ヶ月～数年),業績(会社計画の修正発表を含む),,"1,190.0",04月08日,20:59,C:\Users\naoya\Desktop\nikkei225\minkabu\Output/3099-三越伊勢丹ホールディングス/2017-04-08-20-57-05/comment\49.html
"三越伊勢丹ホールディングス(3099)の買い予想。 Newジェントルマン さんの売買予想。 目標株価： 2,046円 期間： 中期(数週間~数ヶ月) 理由： その他 買い予想 中期 目標株価2,046円",三越伊勢丹ホールディングス,2017/02/26,14:31,買い予想,Newジェントルマンさん,-5.41,"1,409.0",-44.39,"2,046",中期(数週間～数ヶ月),その他,,"1,190.0",04月08日,20:57,C:\Users\naoya\Desktop\nikkei225\minkabu\Output/3099-三越伊勢丹ホールディングス/2017-04-08-20-57-05/comment\5.html
"三越伊勢丹ホールディングス(3099)の売り予想。 reg**us2*ugu*t さんの売買予想。 目標株価： 1,251円 期間： 長期(数ヶ月～数年) 理由： チャート 売り予想 長期 目標株価1,251円",三越伊勢丹ホールディングス,2015/01/12,18:34,売り予想,reg**us2*ugu*tさん,-35.8,"1,490.0",+57.06,"1,251",長期(数ヶ月～数年),チャート,,"1,190.0",04月08日,20:59,C:\Users\naoya\Desktop\nikkei225\minkabu\Output/3099-三越伊勢丹ホールディングス/2017-04-08-20-57-05/comment\50.html
"三越伊勢丹ホールディングス(3099)の売り予想。 lal*ap*lloo**guar* さんの売買予想。 目標株価： 1,429円 期間： 長期(数ヶ月～数年) 理由： 個人投資家の予想 売り予想 長期 目標株価1,429円",三越伊勢丹ホールディングス,2014/12/07,10:24,売り予想,lal*ap*lloo**guar*さん,-39.78,"1,557.0",+66.84,"1,429",長期(数ヶ月～数年),個人投資家の予想,,"1,190.0",04月08日,20:59,C:\Users\naoya\Desktop\nikkei225\minkabu\Output/3099-三越伊勢丹ホールディングス/2017-04-08-20-57-05/comment\51.html
"三越伊勢丹ホールディングス(3099)の買い予想。 ミリオネア1000 さんの売買予想。 目標株価： 1,661円 期間： 長期(数ヶ月～数年) 理由： 業績(会社計画の修正発表を含む) 個人投資家の意見「買い」に賛成",三越伊勢丹ホールディングス,2014/10/20,11:19,買い予想,ミリオネア1000さん,40.97,"1,301.0",-24.47,"1,661",長期(数ヶ月～数年),業績(会社計画の修正発表を含む),,"1,190.0",04月08日,20:59,C:\Users\naoya\Desktop\nikkei225\minkabu\Output/3099-三越伊勢丹ホールディングス/2017-04-08-20-57-05/comment\52.html
"三越伊勢丹ホールディングス(3099)の買い予想。 バンコクチョンガー さんの売買予想。 目標株価： 1,514円 期間： 短期(数分~数日) 理由： チャート 買い予想 短期 目標株価1,500円",三越伊勢丹ホールディングス,2014/10/01,12:23,買い予想,バンコクチョンガーさん,-49.06,"1,443.0",-50.05,"1,514",短期(数分～数日),チャート,,"1,190.0",04月08日,20:59,C:\Users\naoya\Desktop\nikkei225\minkabu\Output/3099-三越伊勢丹ホールディングス/2017-04-08-20-57-05/comment\53.html
"三越伊勢丹ホールディングス(3099)の買い予想。 pocol さんの売買予想。 目標株価： 1,518円 期間： 長期(数ヶ月～数年) 理由： 業績(会社計画の修正発表を含む) 買い予想 長期 目標株価1,500円",三越伊勢丹ホールディングス,2014/08/06,09:31,買い予想,pocolさん,-13.6,"1,254.0",-14.73,"1,518",長期(数ヶ月～数年),業績(会社計画の修正発表を含む),,"1,190.0",04月08日,20:59,C:\Users\naoya\Desktop\nikkei225\minkabu\Output/3099-三越伊勢丹ホールディングス/2017-04-08-20-57-05/comment\54.html
"三越伊勢丹ホールディングス(3099)の買い予想。 akeke さんの売買予想。 目標株価： 1,500円 期間： 中期(数週間~数ヶ月) 理由： その他 買い予想 中期 目標株価1,500円",三越伊勢丹ホールディングス,2014/07/04,15:56,買い予想,akekeさん,-17.45,"1,289.0",-22.06,"1,500",中期(数週間～数ヶ月),その他,,"1,190.0",04月08日,20:59,C:\Users\naoya\Desktop\nikkei225\minkabu\Output/3099-三越伊勢丹ホールディングス/2017-04-08-20-57-05/comment\55.html
"三越伊勢丹ホールディングス(3099)の買い予想。 こうじ１２３４５６７ さんの売買予想。 目標株価： 1,452円 期間： 中期(数週間~数ヶ月) 理由： チャート 買い予想 中期 目標株価1,452円 76%",三越伊勢丹ホールディングス,2014/05/26,19:25,買い予想,こうじ１２３４５６７さん,221.98,"1,286.0",-21.44,"1,452",中期(数週間～数ヶ月),チャート,,"1,190.0",04月08日,20:59,C:\Users\naoya\Desktop\nikkei225\minkabu\Output/3099-三越伊勢丹ホールディングス/2017-04-08-20-57-05/comment\56.html
"三越伊勢丹ホールディングス(3099)の買い予想。 ﾀﾋﾞｰねこ さんの売買予想。 目標株価： 1,400円 期間： 短期(数分~数日) 理由： チャート 個人的",三越伊勢丹ホールディングス,2014/05/12,13:22,買い予想,ﾀﾋﾞｰねこさん,54.1,"1,322.0",-28.60,"1,400",短期(数分～数日),チャート,[emo:154],"1,190.0",04月08日,20:59,C:\Users\naoya\Desktop\nikkei225\minkabu\Output/3099-三越伊勢丹ホールディングス/2017-04-08-20-57-05/comment\57.html
"三越伊勢丹ホールディングス(3099)の買い予想。 こひさま さんの売買予想。 目標株価： 1,705円 期間： 中期(数週間~数ヶ月) 理由： 業績(会社計画の修正発表を含む) 消費好調",三越伊勢丹ホールディングス,2014/04/02,20:53,買い予想,こひさまさん,-26.55,"1,317.0",-27.63,"1,705",中期(数週間～数ヶ月),業績(会社計画の修正発表を含む),,"1,190.0",04月08日,20:59,C:\Users\naoya\Desktop\nikkei225\minkabu\Output/3099-三越伊勢丹ホールディングス/2017-04-08-20-57-05/comment\58.html
"三越伊勢丹ホールディングス(3099)の買い予想。 NAO1207 さんの売買予想。 目標株価： 1,401円 期間： 中期(数週間~数ヶ月) 理由： 業績(会社計画の修正発表を含む) 個人投資家の意見「買い」に賛成",三越伊勢丹ホールディングス,2014/04/01,00:24,買い予想,NAO1207さん,86.76,"1,269.0",-17.92,"1,401",中期(数週間～数ヶ月),業績(会社計画の修正発表を含む),,"1,190.0",04月08日,21:00,C:\Users\naoya\Desktop\nikkei225\minkabu\Output/3099-三越伊勢丹ホールディングス/2017-04-08-20-57-05/comment\59.html
"三越伊勢丹ホールディングス(3099)の買い予想。 dover さんの売買予想。 目標株価： 1,502円 期間： 中期(数週間~数ヶ月) 理由： その他 ..",三越伊勢丹ホールディングス,2017/02/21,11:58,買い予想,doverさん,75.34,"1,427.0",-47.42,"1,501",中期(数週間～数ヶ月),その他,,"1,190.0",04月08日,20:57,C:\Users\naoya\Desktop\nikkei225\minkabu\Output/3099-三越伊勢丹ホールディングス/2017-04-08-20-57-05/comment\6.html
"三越伊勢丹ホールディングス(3099)の買い予想。 heakaspe さんの売買予想。 目標株価： 1,400円 期間： 中期(数週間~数ヶ月) 理由： 配当(株主優待を含む) 優待狙い",三越伊勢丹ホールディングス,2014/03/01,16:22,買い予想,heakaspeさん,-29.15,"1,140.0",+12.22,"1,400",中期(数週間～数ヶ月),配当(株主優待を含む),,"1,190.0",04月08日,21:00,C:\Users\naoya\Desktop\nikkei225\minkabu\Output/3099-三越伊勢丹ホールディングス/2017-04-08-20-57-05/comment\60.html
"三越伊勢丹ホールディングス(3099)の買い予想。 shoui101 さんの売買予想。 目標株価： 1,482円 期間： 短期(数分~数日) 理由： チャート 買",三越伊勢丹ホールディングス,2014/01/23,10:16,買い予想,shoui101さん,-73.85,"1,419.0",-46.09,"1,482",短期(数分～数日),チャート,,"1,190.0",04月08日,21:00,C:\Users\naoya\Desktop\nikkei225\minkabu\Output/3099-三越伊勢丹ホールディングス/2017-04-08-20-57-05/comment\61.html
"三越伊勢丹ホールディングス(3099)の買い予想。 rin**0404 さんの売買予想。 目標株価： 1,500円 期間： 長期(数ヶ月～数年) 理由： 配当(株主優待を含む) ミツコシイセタン",三越伊勢丹ホールディングス,2014/01/21,10:07,買い予想,rin**0404さん,-106.0,"1,428.0",-47.59,"1,500",長期(数ヶ月～数年),配当(株主優待を含む),,"1,190.0",04月08日,21:00,C:\Users\naoya\Desktop\nikkei225\minkabu\Output/3099-三越伊勢丹ホールディングス/2017-04-08-20-57-05/comment\62.html
"三越伊勢丹ホールディングス(3099)の買い予想。 スーパーまん さんの売買予想。 目標株価： 1,501円 期間： 中期(数週間~数ヶ月) 理由： 業績(会社計画の修正発表を含む) 個人投資家の意見「買い」に賛成",三越伊勢丹ホールディングス,2014/01/14,15:22,買い予想,スーパーまんさん,38.73,"1,389.0",-40.94,"1,501",中期(数週間～数ヶ月),業績(会社計画の修正発表を含む),,"1,190.0",04月08日,21:00,C:\Users\naoya\Desktop\nikkei225\minkabu\Output/3099-三越伊勢丹ホールディングス/2017-04-08-20-57-05/comment\63.html
"三越伊勢丹ホールディングス(3099)の買い予想。 地球猛獣群 さんの売買予想。 目標株価： 1,445円 期間： 長期(数ヶ月～数年) 理由： 業績(会社計画の修正発表を含む) 準備中バウ。",三越伊勢丹ホールディングス,2013/12/06,06:25,買い予想,地球猛獣群さん,72.7,"1,400.0",-42.85,"1,445",長期(数ヶ月～数年),業績(会社計画の修正発表を含む),,"1,190.0",04月08日,21:00,C:\Users\naoya\Desktop\nikkei225\minkabu\Output/3099-三越伊勢丹ホールディングス/2017-04-08-20-57-05/comment\64.html
"三越伊勢丹ホールディングス(3099)の買い予想。 12SR さんの売買予想。 目標株価： 1,626円 期間： 中期(数週間~数ヶ月) 理由： 業績(会社計画の修正発表を含む) そろそろ",三越伊勢丹ホールディングス,2013/10/22,20:52,買い予想,12SRさん,65.91,"1,480.0",-55.91,"1,626",中期(数週間～数ヶ月),業績(会社計画の修正発表を含む),,"1,190.0",04月08日,21:00,C:\Users\naoya\Desktop\nikkei225\minkabu\Output/3099-三越伊勢丹ホールディングス/2017-04-08-20-57-05/comment\65.html
"三越伊勢丹ホールディングス(3099)の買い予想。 ぱんだっち さんの売買予想。 目標株価： 1,600円 期間： 中期(数週間~数ヶ月) 理由： 業績(会社計画の修正発表を含む) 個人投資家の意見「買い」に賛成",三越伊勢丹ホールディングス,2013/08/05,15:38,買い予想,ぱんだっちさん,182.21,"1,419.0",-46.09,"1,600",中期(数週間～数ヶ月),業績(会社計画の修正発表を含む),,"1,190.0",04月08日,21:00,C:\Users\naoya\Desktop\nikkei225\minkabu\Output/3099-三越伊勢丹ホールディングス/2017-04-08-20-57-05/comment\66.html
"三越伊勢丹ホールディングス(3099)の買い予想。 kikilala さんの売買予想。 目標株価： 2,538円 期間： 長期(数ヶ月～数年) 理由： チャート 株価診断結果「割高」に反対",三越伊勢丹ホールディングス,2013/06/24,12:03,買い予想,kikilalaさん,15.01,"1,272.0",-18.55,"2,538",長期(数ヶ月～数年),チャート,"【株価分析結果】2013/06/22 01:25
　割高

  【総論】
　この銘柄は、みんかぶリサーチによる株価診断において過去比較で割高と判断され、また相対比較でも割高と判断されます。結果、現在の株価は「割高」と結論付けました。
　但し、この銘柄の株価が「1,221円」を割ると割安圏内に入ります。
　このように、この銘柄は現在の株価水準において割高と判断されますが、この結果は必ずしも今後の株価の下落を示唆するものではありません。
投資判断においては、売上関連事項を中心に、企業や外部環境の動向に注視してください。


【過去比較】
　過去2年間において、この銘柄はPSRの変動幅が最も狭いことから売上動向が投資判断で重視されている可能性があります。現状、PSRは過去平均値より高い為、過去比較の観点からは割高と判断されます。

【相対比較】
　一方、この銘柄のPSRは同一業種分類銘柄の平均値と連動性が高い傾向にあります。つまり、この銘柄の投資判断では同一業種分類を対象に売上動向が比較されている可能性があります。
　結果、現在、この銘柄のPSRは同一業種分類の平均値よりも高い為、相対比較の観点からは割高と判断されます。
","1,190.0",04月08日,21:00,C:\Users\naoya\Desktop\nikkei225\minkabu\Output/3099-三越伊勢丹ホールディングス/2017-04-08-20-57-05/comment\67.html
"三越伊勢丹ホールディングス(3099)の買い予想。 矢部ノミクス さんの売買予想。 目標株価： 3,570円 期間： 中期(数週間~数ヶ月) 理由： 業績(会社計画の修正発表を含む) 株価診断結果「割安」に賛成",三越伊勢丹ホールディングス,2013/05/30,22:30,買い予想,矢部ノミクスさん,10.39,"1,294.0",-23.07,"3,570",中期(数週間～数ヶ月),業績(会社計画の修正発表を含む),"【株価分析結果】2013/05/30 01:26
　割安

  【総論】
　この銘柄は、みんかぶリサーチによる株価診断において過去比較で割高と判断され、また相対比較で割安と判断されます。しかし、相対比較の方が連動性が高いことから、現在の株価は「割安」と結論付けました。
　但し、この銘柄の株価が「3,570円」を超えると割高圏内に入ります。なお、この銘柄は相対比較において割引評価される傾向にあり、理論株価はその点を考慮して算出されております。
　このように、この銘柄は現在の株価水準において割安と判断されますが、この結果は必ずしも今後の株価の上昇を示唆するものではありません。
投資判断においては、売上関連事項を中心に、企業や外部環境の動向に注視してください。


【過去比較】
　過去2年間において、この銘柄はPSRの変動幅が最も狭いことから売上動向が投資判断で重視されている可能性があります。現状、PSRは過去平均値より高い為、過去比較の観点からは割高と判断されます。

【相対比較】
　一方、この銘柄のPSRは日本株全体銘柄の平均値と連動性が高い傾向にあります。つまり、この銘柄の投資判断では日本株全体を対象に売上動向が比較されている可能性があります。また、この銘柄は相対比較において割引評価される傾向にある為、それを考慮します。
　結果、現在、この銘柄の株価は相対比較の観点で割安と判断されます。
","1,190.0",04月08日,21:00,C:\Users\naoya\Desktop\nikkei225\minkabu\Output/3099-三越伊勢丹ホールディングス/2017-04-08-20-57-05/comment\68.html
"三越伊勢丹ホールディングス(3099)の買い予想。 kousama さんの売買予想。 目標株価： 1,983円 期間： 長期(数ヶ月～数年) 理由： 業績(会社計画の修正発表を含む) 3099",三越伊勢丹ホールディングス,2013/04/12,18:04,買い予想,kousamaさん,27.24,"1,506.0",-59.85,"1,983",長期(数ヶ月～数年),業績(会社計画の修正発表を含む),,"1,190.0",04月08日,21:00,C:\Users\naoya\Desktop\nikkei225\minkabu\Output/3099-三越伊勢丹ホールディングス/2017-04-08-20-57-05/comment\69.html
"三越伊勢丹ホールディングス(3099)の買い予想。 doctag さんの売買予想。 目標株価： 1,420円 期間： 中期(数週間~数ヶ月) 理由： その他 個人投資家の意見「買い」に賛成",三越伊勢丹ホールディングス,2017/01/08,20:04,買い予想,doctagさん,12.05,"1,328.0",-29.76,"1,420",中期(数週間～数ヶ月),その他,,"1,190.0",04月08日,20:57,C:\Users\naoya\Desktop\nikkei225\minkabu\Output/3099-三越伊勢丹ホールディングス/2017-04-08-20-57-05/comment\7.html
"三越伊勢丹ホールディングス(3099)の買い予想。 papamamayuma さんの売買予想。 目標株価： 1,632円 期間： 長期(数ヶ月～数年) 理由： 業績(会社計画の修正発表を含む) 株価診断結果「割高」に反対",三越伊勢丹ホールディングス,2013/03/21,08:26,買い予想,papamamayumaさん,171.72,"1,296.0",-23.47,"1,632",長期(数ヶ月～数年),業績(会社計画の修正発表を含む),"【株価分析結果】2013/03/20 01:27
　割高

  【総論】
　この銘柄は、みんかぶリサーチによる株価診断において過去比較で割高と判断され、また相対比較でも割高と判断されます。結果、現在の株価は「割高」と結論付けました。
　但し、この銘柄の株価が「816円」を割ると割安圏内に入ります。
　このように、この銘柄は現在の株価水準において割高と判断されますが、この結果は必ずしも今後の株価の下落を示唆するものではありません。
投資判断においては、売上関連事項を中心に、企業や外部環境の動向に注視してください。


【過去比較】
　過去2年間において、この銘柄はPSRの変動幅が最も狭いことから売上動向が投資判断で重視されている可能性があります。現状、PSRは過去平均値より高い為、過去比較の観点からは割高と判断されます。

【相対比較】
　一方、この銘柄のPSRは同一業種分類銘柄の平均値と連動性が高い傾向にあります。つまり、この銘柄の投資判断では同一業種分類を対象に売上動向が比較されている可能性があります。
　結果、現在、この銘柄のPSRは同一業種分類の平均値よりも高い為、相対比較の観点からは割高と判断されます。
","1,190.0",04月08日,21:00,C:\Users\naoya\Desktop\nikkei225\minkabu\Output/3099-三越伊勢丹ホールディングス/2017-04-08-20-57-05/comment\70.html
"三越伊勢丹ホールディングス(3099)の買い予想。 akasaka-azabu さんの売買予想。 目標株価： 1,900円 期間： 中期(数週間~数ヶ月) 理由： 業績(会社計画の修正発表を含む) シフト勤務･休日設定最適化による人件費削減と高額商",三越伊勢丹ホールディングス,2013/03/14,00:55,買い予想,akasaka-azabuさん,64.59,"1,181.0",+1.92,"1,900",中期(数週間～数ヶ月),業績(会社計画の修正発表を含む),,"1,190.0",04月08日,21:00,C:\Users\naoya\Desktop\nikkei225\minkabu\Output/3099-三越伊勢丹ホールディングス/2017-04-08-20-57-05/comment\71.html
"三越伊勢丹ホールディングス(3099)の売り予想。 WERD さんの売買予想。 目標株価： 1,002円 期間： 中期(数週間~数ヶ月) 理由： チャート 売り",三越伊勢丹ホールディングス,2013/03/08,12:05,売り予想,WERDさん,-109.54,"1,112.0",-20.20,"1,002",中期(数週間～数ヶ月),チャート,,"1,190.0",04月08日,21:00,C:\Users\naoya\Desktop\nikkei225\minkabu\Output/3099-三越伊勢丹ホールディングス/2017-04-08-20-57-05/comment\72.html
"三越伊勢丹ホールディングス(3099)の買い予想。 貴哉 さんの売買予想。 目標株価： 1,225円 期間： 中期(数週間~数ヶ月) 理由： 業績(会社計画の修正発表を含む) 株価診断結果「割高」に反対",三越伊勢丹ホールディングス,2013/03/04,10:37,買い予想,貴哉さん,304.45,"1,085.0",+27.25,"1,225",中期(数週間～数ヶ月),業績(会社計画の修正発表を含む),,"1,190.0",04月08日,21:00,C:\Users\naoya\Desktop\nikkei225\minkabu\Output/3099-三越伊勢丹ホールディングス/2017-04-08-20-57-05/comment\73.html
三越伊勢丹ホールディングス(3099)の売り予想。 NAO２ さんの売買予想。 目標株価： 880円 期間： 短期(数分~数日) 理由： その他 短期勝負,三越伊勢丹ホールディングス,2013/02/01,23:09,売り予想,NAO２さん,93.56,910.0,-87.80,880,短期(数分～数日),その他,,"1,190.0",04月08日,21:00,C:\Users\naoya\Desktop\nikkei225\minkabu\Output/3099-三越伊勢丹ホールディングス/2017-04-08-20-57-05/comment\74.html
三越伊勢丹ホールディングス(3099)の買い予想。 shuzo2013 さんの売買予想。 目標株価： 961円 期間： 中期(数週間~数ヶ月) 理由： 配当(株主優待を含む) 個人投資家の意見「買い」に賛成,三越伊勢丹ホールディングス,2013/01/14,22:31,買い予想,shuzo2013さん,148.67,888.0,+96.38,961,中期(数週間～数ヶ月),配当(株主優待を含む),株主優待狙い、配当落ち迄に¥900は超えて来ると思います。,"1,190.0",04月08日,21:00,C:\Users\naoya\Desktop\nikkei225\minkabu\Output/3099-三越伊勢丹ホールディングス/2017-04-08-20-57-05/comment\75.html
三越伊勢丹ホールディングス(3099)の買い予想。 たばたこぼちゃん さんの売買予想。 目標株価： 900円 期間： 長期(数ヶ月～数年) 理由： その他 かい？,三越伊勢丹ホールディングス,2013/01/07,12:08,買い予想,たばたこぼちゃんさん,43.2,856.0,+110.62,900,長期(数ヶ月～数年),その他,,"1,190.0",04月08日,21:00,C:\Users\naoya\Desktop\nikkei225\minkabu\Output/3099-三越伊勢丹ホールディングス/2017-04-08-20-57-05/comment\76.html
三越伊勢丹ホールディングス(3099)の買い予想。 t-oku さんの売買予想。 目標株価： 925円 期間： 中期(数週間~数ヶ月) 理由： 業績(会社計画の修正発表を含む) 株価診断結果「割高」に反対,三越伊勢丹ホールディングス,2012/12/27,15:29,買い予想,t-okuさん,47.03,844.0,+116.23,925,中期(数週間～数ヶ月),業績(会社計画の修正発表を含む),"【株価分析結果】2012/12/27 01:27
　割高

  【総論】
　この銘柄は、みんかぶリサーチによる株価診断において過去比較で割高と判断され、また相対比較で割安と判断されます。しかし、過去比較の方が連動性が高いことから、現在の株価は「割高」と結論付けました。
　但し、この銘柄の株価が「816円」を割ると割安圏内に入ります。加えて、この銘柄は割高と判断されるも、PBRが一倍割れなことから将来のキャッシュフローが悪化する見通しの場合を除き、長期的には株価が下支えされる可能性があります。
　このように、この銘柄は現在の株価水準において割高と判断されますが、この結果は必ずしも今後の株価の下落を示唆するものではありません。
投資判断においては、売上関連事項を中心に、企業や外部環境の動向に注視してください。


【過去比較】
　過去2年間において、この銘柄はPSRの変動幅が最も狭いことから売上動向が投資判断で重視されている可能性があります。現状、PSRは過去平均値より高い為、過去比較の観点からは割高と判断されます。

【相対比較】
　一方、この銘柄のPERは同一業種分類銘柄の平均値と連動性が高い傾向にあります。つまり、この銘柄の投資判断では同一業種分類を対象に利益動向が比較されている可能性があります。
　結果、現在、この銘柄のPERは同一業種分類の平均値よりも低い為、相対比較の観点からは割安と判断されます。
","1,190.0",04月08日,21:00,C:\Users\naoya\Desktop\nikkei225\minkabu\Output/3099-三越伊勢丹ホールディングス/2017-04-08-20-57-05/comment\77.html
三越伊勢丹ホールディングス(3099)の買い予想。 shonmao さんの売買予想。 目標株価： 816円 期間： 長期(数ヶ月～数年) 理由： 配当(株主優待を含む) 株価診断結果「割安」に賛成,三越伊勢丹ホールディングス,2012/12/26,12:16,買い予想,shonmaoさん,234.38,768.0,+155.87,816,長期(数ヶ月～数年),配当(株主優待を含む),"【株価分析結果】2012/12/26 01:28
　割安

  【総論】
　この銘柄は、みんかぶリサーチによる株価診断において過去比較で割安と判断され、また相対比較でも割安と判断されます。結果、現在の株価は「割安」と結論付けました。
　但し、この銘柄の株価が「816円」を超えると割高圏内に入ります。加えて、PBRが一倍割れなことから将来のキャッシュフローが悪化する見通しの場合を除き、長期的には下値リスクの軽減から買い圧力が高まる可能性があります。
　このように、この銘柄は現在の株価水準において割安と判断されますが、この結果は必ずしも今後の株価の上昇を示唆するものではありません。
投資判断においては、売上関連事項を中心に、企業や外部環境の動向に注視してください。


【過去比較】
　過去2年間において、この銘柄はPSRの変動幅が最も狭いことから売上動向が投資判断で重視されている可能性があります。現状、PSRは過去平均値より低い為、過去比較の観点からは割安と判断されます。

【相対比較】
　一方、この銘柄のPERは同一業種分類銘柄の平均値と連動性が高い傾向にあります。つまり、この銘柄の投資判断では同一業種分類を対象に利益動向が比較されている可能性があります。
　結果、現在、この銘柄のPERは同一業種分類の平均値よりも低い為、相対比較の観点からは割安と判断されます。
","1,190.0",04月08日,21:00,C:\Users\naoya\Desktop\nikkei225\minkabu\Output/3099-三越伊勢丹ホールディングス/2017-04-08-20-57-05/comment\78.html
三越伊勢丹ホールディングス(3099)の売り予想。 minato12 さんの売買予想。 目標株価： 661円 期間： 長期(数ヶ月～数年) 理由： チャート uri,三越伊勢丹ホールディングス,2012/11/29,01:09,売り予想,minato12さん,175.59,737.0,-175.16,661,長期(数ヶ月～数年),チャート,uri,"1,190.0",04月08日,21:00,C:\Users\naoya\Desktop\nikkei225\minkabu\Output/3099-三越伊勢丹ホールディングス/2017-04-08-20-57-05/comment\79.html
"三越伊勢丹ホールディングス(3099)の売り予想。 Taketo Kuga さんの売買予想。 目標株価： 1,200円 期間： 中期(数週間~数ヶ月) 理由： その他 売り",三越伊勢丹ホールディングス,2016/12/24,19:25,売り予想,Taketo Kugaさん,23.95,"1,306.0",+25.03,"1,200",中期(数週間～数ヶ月),その他,,"1,190.0",04月08日,20:57,C:\Users\naoya\Desktop\nikkei225\minkabu\Output/3099-三越伊勢丹ホールディングス/2017-04-08-20-57-05/comment\8.html
三越伊勢丹ホールディングス(3099)の買い予想。 やまとのり さんの売買予想。 目標株価： 805円 期間： 短期(数分~数日) 理由： チャート 個人投資家の意見「買い」に賛成,三越伊勢丹ホールディングス,2012/11/24,22:41,買い予想,やまとのりさん,-5.57,740.0,+172.53,805,短期(数分～数日),チャート,,"1,190.0",04月08日,21:00,C:\Users\naoya\Desktop\nikkei225\minkabu\Output/3099-三越伊勢丹ホールディングス/2017-04-08-20-57-05/comment\80.html
三越伊勢丹ホールディングス(3099)の買い予想。 むかちゃん さんの売買予想。 目標株価： 732円 期間： 短期(数分~数日) 理由： 業績(会社計画の修正発表を含む) k,三越伊勢丹ホールディングス,2012/11/23,20:47,買い予想,むかちゃんさん,505.28,740.0,+172.53,732,短期(数分～数日),業績(会社計画の修正発表を含む),,"1,190.0",04月08日,21:00,C:\Users\naoya\Desktop\nikkei225\minkabu\Output/3099-三越伊勢丹ホールディングス/2017-04-08-20-57-05/comment\81.html
三越伊勢丹ホールディングス(3099)の買い予想。 ナイルの庭 さんの売買予想。 目標株価： 753円 期間： 中期(数週間~数ヶ月) 理由： 業績(会社計画の修正発表を含む) 個人投資家の意見「売り」に反対,三越伊勢丹ホールディングス,2012/11/20,14:08,買い予想,ナイルの庭さん,295.42,718.0,+186.53,753,中期(数週間～数ヶ月),業績(会社計画の修正発表を含む),,"1,190.0",04月08日,21:00,C:\Users\naoya\Desktop\nikkei225\minkabu\Output/3099-三越伊勢丹ホールディングス/2017-04-08-20-57-05/comment\82.html
"三越伊勢丹ホールディングス(3099)の買い予想。 月神1 さんの売買予想。 目標株価： 1,200円 期間： 長期(数ヶ月～数年) 理由： チャート 個人投資家の意見「売り」に反対",三越伊勢丹ホールディングス,2012/11/20,09:24,買い予想,月神1さん,417.16,721.0,+184.57,"1,200",長期(数ヶ月～数年),チャート,,"1,190.0",04月08日,21:00,C:\Users\naoya\Desktop\nikkei225\minkabu\Output/3099-三越伊勢丹ホールディングス/2017-04-08-20-57-05/comment\83.html
三越伊勢丹ホールディングス(3099)の買い予想。 hk450 さんの売買予想。 目標株価： 936円 期間： 中期(数週間~数ヶ月) 理由： チャート かか,三越伊勢丹ホールディングス,2012/11/19,22:04,買い予想,hk450さん,151.86,725.0,+181.99,936,中期(数週間～数ヶ月),チャート,,"1,190.0",04月08日,21:00,C:\Users\naoya\Desktop\nikkei225\minkabu\Output/3099-三越伊勢丹ホールディングス/2017-04-08-20-57-05/comment\84.html
三越伊勢丹ホールディングス(3099)の買い予想。 マックス♡♡♡ さんの売買予想。 目標株価： 816円 期間： 中期(数週間~数ヶ月) 理由： 業績(会社計画の修正発表を含む) 株価診断結果「割安」に賛成,三越伊勢丹ホールディングス,2012/11/18,20:37,買い予想,マックス♡♡♡さん,187.85,719.0,+185.88,816,中期(数週間～数ヶ月),業績(会社計画の修正発表を含む),"【株価分析結果】2012/11/17 01:27
　割安

  【総論】
　この銘柄は、みんかぶリサーチによる株価診断において過去比較で割安と判断され、また相対比較でも割安と判断されます。結果、現在の株価は「割安」と結論付けました。
　但し、この銘柄の株価が「816円」を超えると割高圏内に入ります。加えて、PBRが一倍割れなことから将来のキャッシュフローが悪化する見通しの場合を除き、長期的には下値リスクの軽減から買い圧力が高まる可能性があります。
　このように、この銘柄は現在の株価水準において割安と判断されますが、この結果は必ずしも今後の株価の上昇を示唆するものではありません。
投資判断においては、売上関連事項を中心に、企業や外部環境の動向に注視してください。


【過去比較】
　過去2年間において、この銘柄はPSRの変動幅が最も狭いことから売上動向が投資判断で重視されている可能性があります。現状、PSRは過去平均値より低い為、過去比較の観点からは割安と判断されます。

【相対比較】
　一方、この銘柄のPERは同一業種分類銘柄の平均値と連動性が高い傾向にあります。つまり、この銘柄の投資判断では同一業種分類を対象に利益動向が比較されている可能性があります。
　結果、現在、この銘柄のPERは同一業種分類の平均値よりも低い為、相対比較の観点からは割安と判断されます。
","1,190.0",04月08日,21:00,C:\Users\naoya\Desktop\nikkei225\minkabu\Output/3099-三越伊勢丹ホールディングス/2017-04-08-20-57-05/comment\85.html
三越伊勢丹ホールディングス(3099)の買い予想。 アジア さんの売買予想。 目標株価： 816円 期間： 中期(数週間~数ヶ月) 理由： その他 株価診断結果「割安」に賛成,三越伊勢丹ホールディングス,2012/11/18,18:33,買い予想,アジアさん,609.13,719.0,+185.88,816,中期(数週間～数ヶ月),その他,"【株価分析結果】2012/11/17 01:27
　割安

  【総論】
　この銘柄は、みんかぶリサーチによる株価診断において過去比較で割安と判断され、また相対比較でも割安と判断されます。結果、現在の株価は「割安」と結論付けました。
　但し、この銘柄の株価が「816円」を超えると割高圏内に入ります。加えて、PBRが一倍割れなことから将来のキャッシュフローが悪化する見通しの場合を除き、長期的には下値リスクの軽減から買い圧力が高まる可能性があります。
　このように、この銘柄は現在の株価水準において割安と判断されますが、この結果は必ずしも今後の株価の上昇を示唆するものではありません。
投資判断においては、売上関連事項を中心に、企業や外部環境の動向に注視してください。


【過去比較】
　過去2年間において、この銘柄はPSRの変動幅が最も狭いことから売上動向が投資判断で重視されている可能性があります。現状、PSRは過去平均値より低い為、過去比較の観点からは割安と判断されます。

【相対比較】
　一方、この銘柄のPERは同一業種分類銘柄の平均値と連動性が高い傾向にあります。つまり、この銘柄の投資判断では同一業種分類を対象に利益動向が比較されている可能性があります。
　結果、現在、この銘柄のPERは同一業種分類の平均値よりも低い為、相対比較の観点からは割安と判断されます。
","1,190.0",04月08日,21:01,C:\Users\naoya\Desktop\nikkei225\minkabu\Output/3099-三越伊勢丹ホールディングス/2017-04-08-20-57-05/comment\86.html
三越伊勢丹ホールディングス(3099)の買い予想。 【ランキング１位】神様【５冠王】 さんの売買予想。 目標株価： 730円 期間： 長期(数ヶ月～数年) 理由： その他 個人投資家の意見「売り」に反対,三越伊勢丹ホールディングス,2012/11/12,20:27,買い予想,【ランキング１位】神様【５冠王】さん,591.12,705.0,+195.22,730,長期(数ヶ月～数年),その他,,"1,190.0",04月08日,21:01,C:\Users\naoya\Desktop\nikkei225\minkabu\Output/3099-三越伊勢丹ホールディングス/2017-04-08-20-57-05/comment\88.html
三越伊勢丹ホールディングス(3099)の買い予想。 moko♡ さんの売買予想。 目標株価： 769円 期間： 中期(数週間~数ヶ月) 理由： チャート 買い♡,三越伊勢丹ホールディングス,2012/11/10,10:57,買い予想,moko♡さん,338.94,723.0,+183.28,769,中期(数週間～数ヶ月),チャート,"全銘柄分析中で～す♡ 

モゴモゴだね 
　(＊^_-＊)~♡ ","1,190.0",04月08日,21:01,C:\Users\naoya\Desktop\nikkei225\minkabu\Output/3099-三越伊勢丹ホールディングス/2017-04-08-20-57-05/comment\89.html
"三越伊勢丹ホールディングス(3099)の買い予想。 toto1919 さんの売買予想。 目標株価： 1,427円 期間： 中期(数週間~数ヶ月) 理由： 個人投資家の予想 最後の仕込み場？",三越伊勢丹ホールディングス,2016/11/26,09:36,買い予想,toto1919さん,-4.9,"1,284.0",-21.03,"1,426",中期(数週間～数ヶ月),個人投資家の予想,三越伊勢丹がこのままダウンする訳ありません。経営陣の改革がされ、来年度夏ころにはUPしているでしょう。10％アップくらいは容易でしょう。,"1,190.0",04月08日,20:57,C:\Users\naoya\Desktop\nikkei225\minkabu\Output/3099-三越伊勢丹ホールディングス/2017-04-08-20-57-05/comment\9.html
三越伊勢丹ホールディングス(3099)の買い予想。 sai2 さんの売買予想。 目標株価： 842円 期間： 中期(数週間~数ヶ月) 理由： その他 買い,三越伊勢丹ホールディングス,2012/10/11,10:22,買い予想,sai2さん,293.13,764.0,+158.18,842,中期(数週間～数ヶ月),その他,,"1,190.0",04月08日,21:01,C:\Users\naoya\Desktop\nikkei225\minkabu\Output/3099-三越伊勢丹ホールディングス/2017-04-08-20-57-05/comment\90.html
三越伊勢丹ホールディングス(3099)の買い予想。 kid A さんの売買予想。 目標株価： 900円 期間： 中期(数週間~数ヶ月) 理由： その他 買い,三越伊勢丹ホールディングス,2012/09/09,06:55,買い予想,kid Aさん,482.39,817.0,+129.47,900,中期(数週間～数ヶ月),その他,バランス,"1,190.0",04月08日,21:01,C:\Users\naoya\Desktop\nikkei225\minkabu\Output/3099-三越伊勢丹ホールディングス/2017-04-08-20-57-05/comment\91.html
三越伊勢丹ホールディングス(3099)の買い予想。 (*´ω`*) さんの売買予想。 目標株価： 808円 期間： 短期(数分~数日) 理由： チャート 宝気に入り↓,三越伊勢丹ホールディングス,2012/06/12,23:43,買い予想,,268.22,783.0,+147.44,808,短期(数分～数日),チャート,,"1,190.0",04月08日,21:01,C:\Users\naoya\Desktop\nikkei225\minkabu\Output/3099-三越伊勢丹ホールディングス/2017-04-08-20-57-05/comment\92.html
"三越伊勢丹ホールディングス(3099)の買い予想。 yoc1234 さんの売買予想。 目標株価： 1,686円 期間： 中期(数週間~数ヶ月) 理由： その他 個人投資家の意見「買い」に賛成",三越伊勢丹ホールディングス,2012/05/10,23:45,買い予想,yoc1234さん,458.15,852.0,+112.47,"1,686",中期(数週間～数ヶ月),その他,,"1,190.0",04月08日,21:01,C:\Users\naoya\Desktop\nikkei225\minkabu\Output/3099-三越伊勢丹ホールディングス/2017-04-08-20-57-05/comment\93.html
"三越伊勢丹ホールディングス(3099)の買い予想。 mastersgolf さんの売買予想。 目標株価： 1,000円 期間： 中期(数週間~数ヶ月) 理由： 業績(会社計画の修正発表を含む) 個人投資家の意見「買い」に賛成",三越伊勢丹ホールディングス,2012/03/27,01:08,買い予想,mastersgolfさん,153.83,964.0,+66.37,"1,000",中期(数週間～数ヶ月),業績(会社計画の修正発表を含む),,"1,190.0",04月08日,21:01,C:\Users\naoya\Desktop\nikkei225\minkabu\Output/3099-三越伊勢丹ホールディングス/2017-04-08-20-57-05/comment\94.html
"三越伊勢丹ホールディングス(3099)の買い予想。 pondora7 さんの売買予想。 目標株価： 1,000円 期間： 中期(数週間~数ヶ月) 理由： 配当(株主優待を含む) 個人投資家の意見「買い」に賛成",三越伊勢丹ホールディングス,2012/03/27,00:16,買い予想,pondora7さん,153.83,964.0,+66.37,"1,000",中期(数週間～数ヶ月),配当(株主優待を含む),,"1,190.0",04月08日,21:01,C:\Users\naoya\Desktop\nikkei225\minkabu\Output/3099-三越伊勢丹ホールディングス/2017-04-08-20-57-05/comment\95.html
"三越伊勢丹ホールディングス(3099)の買い予想。 ohｔyoch05 さんの売買予想。 目標株価： 1,237円 期間： 中期(数週間~数ヶ月) 理由： その他 個人投資家の意見「買い」に賛成",三越伊勢丹ホールディングス,2012/03/19,00:14,買い予想,ohｔyoch05さん,282.58,953.0,+70.41,"1,237",中期(数週間～数ヶ月),その他,"PER 6.83   PBR 0.92 
ROE13.53 ","1,190.0",04月08日,21:01,C:\Users\naoya\Desktop\nikkei225\minkabu\Output/3099-三越伊勢丹ホールディングス/2017-04-08-20-57-05/comment\96.html
"三越伊勢丹ホールディングス(3099)の買い予想。 teardrop さんの売買予想。 目標株価： 1,229円 期間： 中期(数週間~数ヶ月) 理由： チャート 個人投資家の意見「買い」に賛成",三越伊勢丹ホールディングス,2012/03/14,01:34,買い予想,teardropさん,409.02,961.0,+67.46,"1,229",中期(数週間～数ヶ月),チャート,,"1,190.0",04月08日,21:01,C:\Users\naoya\Desktop\nikkei225\minkabu\Output/3099-三越伊勢丹ホールディングス/2017-04-08-20-57-05/comment\97.html
"三越伊勢丹ホールディングス(3099)の買い予想。 SiGe夫 さんの売買予想。 目標株価： 1,846円 期間： 長期(数ヶ月～数年) 理由： 業績(会社計画の修正発表を含む) 個人投資家の意見「買い」に賛成",三越伊勢丹ホールディングス,2012/03/08,00:31,買い予想,SiGe夫さん,184.34,930.0,+79.19,"1,846",長期(数ヶ月～数年),業績(会社計画の修正発表を含む),,"1,190.0",04月08日,21:01,C:\Users\naoya\Desktop\nikkei225\minkabu\Output/3099-三越伊勢丹ホールディングス/2017-04-08-20-57-05/comment\98.html
三越伊勢丹ホールディングス(3099)の買い予想。 株主 さんの売買予想。 目標株価： 957円 期間： 短期(数分~数日) 理由： 業績(会社計画の修正発表を含む) 買い,三越伊勢丹ホールディングス,2012/02/11,11:40,買い予想,株主さん,509.23,865.0,+106.51,957,短期(数分～数日),業績(会社計画の修正発表を含む),,"1,190.0",04月08日,21:01,C:\Users\naoya\Desktop\nikkei225\minkabu\Output/3099-三越伊勢丹ホールディングス/2017-04-08-20-57-05/comment\99.html
"三越伊勢丹ホールディングス(3099)の売り予想。 superok さんの売買予想。 目標株価： 1,104円 期間： 中期(数週間~数ヶ月) 理由： その他 売り予想 中期 目標株価1,104円",三越伊勢丹ホールディングス,2017/04/10,15:48,売り予想,superokさん,-1.14,成り行き ,,"1,104",中期(数週間～数ヶ月),その他,,"1,198.0",04月10日,20:16,C:\Users\naoya\Desktop\nikkei225\minkabu\Output/3099-三越伊勢丹ホールディングス/2017-04-10-20-16-19/comment\1.html
"三越伊勢丹ホールディングス(3099)の売り予想。 Taketo Kuga さんの売買予想。 目標株価： 1,200円 期間： 中期(数週間~数ヶ月) 理由： その他 売り",三越伊勢丹ホールディングス,2016/12/24,19:25,売り予想,Taketo Kugaさん,23.95,"1,306.0",+23.73,"1,200",中期(数週間～数ヶ月),その他,,"1,198.0",04月10日,20:16,C:\Users\naoya\Desktop\nikkei225\minkabu\Output/3099-三越伊勢丹ホールディングス/2017-04-10-20-16-19/comment\10.html
"三越伊勢丹ホールディングス(3099)の買い予想。 toto1919 さんの売買予想。 目標株価： 1,427円 期間： 中期(数週間~数ヶ月) 理由： 個人投資家の予想 最後の仕込み場？",三越伊勢丹ホールディングス,2016/11/26,09:36,買い予想,toto1919さん,-4.9,"1,284.0",-19.71,"1,426",中期(数週間～数ヶ月),個人投資家の予想,三越伊勢丹がこのままダウンする訳ありません。経営陣の改革がされ、来年度夏ころにはUPしているでしょう。10％アップくらいは容易でしょう。,"1,198.0",04月10日,20:16,C:\Users\naoya\Desktop\nikkei225\minkabu\Output/3099-三越伊勢丹ホールディングス/2017-04-10-20-16-19/comment\11.html
"三越伊勢丹ホールディングス(3099)の買い予想。 めっし飯 さんの売買予想。 目標株価： 1,203円 期間： 長期(数ヶ月～数年) 理由： チャート 個人投資家の意見「買い」に賛成",三越伊勢丹ホールディングス,2016/11/22,15:24,買い予想,めっし飯さん,-21.46,"1,287.0",-20.32,"1,203",長期(数ヶ月～数年),チャート,,"1,198.0",04月10日,20:16,C:\Users\naoya\Desktop\nikkei225\minkabu\Output/3099-三越伊勢丹ホールディングス/2017-04-10-20-16-19/comment\12.html
"三越伊勢丹ホールディングス(3099)の売り予想。 ushiwan さんの売買予想。 目標株価： 1,094円 期間： 中期(数週間~数ヶ月) 理由： 業績(会社計画の修正発表を含む) 個人投資家の意見「買い」に反対",三越伊勢丹ホールディングス,2016/11/17,02:17,売り予想,ushiwanさん,-2.66,"1,208.0",+2.58,"1,093",中期(数週間～数ヶ月),業績(会社計画の修正発表を含む),,"1,198.0",04月10日,20:16,C:\Users\naoya\Desktop\nikkei225\minkabu\Output/3099-三越伊勢丹ホールディングス/2017-04-10-20-16-19/comment\13.html
三越伊勢丹ホールディングス(3099)の売り予想。 100G公園 さんの売買予想。 目標株価： 10円 期間： 長期(数ヶ月～数年) 理由： 業績(会社計画の修正発表を含む) 売り,三越伊勢丹ホールディングス,2016/10/08,20:13,売り予想,100G公園さん,-12.69,"1,046.0",-41.05,10,長期(数ヶ月～数年),業績(会社計画の修正発表を含む),,"1,198.0",04月10日,20:16,C:\Users\naoya\Desktop\nikkei225\minkabu\Output/3099-三越伊勢丹ホールディングス/2017-04-10-20-16-19/comment\14.html
"三越伊勢丹ホールディングス(3099)の買い予想。 にゃいた さんの売買予想。 目標株価： 1,500円 期間： 長期(数ヶ月～数年) 理由： 業績(会社計画の修正発表を含む) 買い予想 長期 目標株価1,500円",三越伊勢丹ホールディングス,2016/09/28,12:28,買い予想,にゃいたさん,24.97,981.0,+62.03,"1,500",長期(数ヶ月～数年),業績(会社計画の修正発表を含む),,"1,198.0",04月10日,20:16,C:\Users\naoya\Desktop\nikkei225\minkabu\Output/3099-三越伊勢丹ホールディングス/2017-04-10-20-16-19/comment\15.html
"三越伊勢丹ホールディングス(3099)の買い予想。 37 工事中 ! さんの売買予想。 目標株価： 1,075円 期間： 長期(数ヶ月～数年) 理由： その他 買い直し 買い予想 長期 目標株価1,075円",三越伊勢丹ホールディングス,2016/09/24,19:38,買い予想,37 　 工事中 !さん,57.65,"1,044.0",+41.12,"1,075",長期(数ヶ月～数年),その他,,"1,198.0",04月10日,20:17,C:\Users\naoya\Desktop\nikkei225\minkabu\Output/3099-三越伊勢丹ホールディングス/2017-04-10-20-16-19/comment\16.html
"三越伊勢丹ホールディングス(3099)の買い予想。 びびんば さんの売買予想。 目標株価： 1,176円 期間： 中期(数週間~数ヶ月) 理由： 個人投資家の予想 個人投資家の意見「買い」に賛成",三越伊勢丹ホールディングス,2016/09/08,14:13,買い予想,びびんばさん,21.73,"1,039.0",+42.69,"1,176",中期(数週間～数ヶ月),個人投資家の予想,,"1,198.0",04月10日,20:17,C:\Users\naoya\Desktop\nikkei225\minkabu\Output/3099-三越伊勢丹ホールディングス/2017-04-10-20-16-19/comment\17.html
"三越伊勢丹ホールディングス(3099)の買い予想。 spring-mallow さんの売買予想。 目標株価： 1,500円 期間： 中期(数週間~数ヶ月) 理由： 個人投資家の予想 株価診断結果「割安」に賛成",三越伊勢丹ホールディングス,2016/09/02,11:01,買い予想,spring-mallowさん,28.28,994.0,+57.50,"1,500",中期(数週間～数ヶ月),個人投資家の予想,"【株価分析結果】2016/09/02 01:56
　割安

  【総論】
　この銘柄は、みんかぶリサーチによる株価診断において過去比較で割安と判断され、また相対比較でも割安と判断されます。結果、現在の株価は「割安」と結論付けました。
　但し、この銘柄の株価が「1,034円」を超えると割高圏内に入ります。加えて、PBRが一倍割れなことから将来のキャッシュフローが悪化する見通しの場合を除き、長期的には下値リスクの軽減から買い圧力が高まる可能性があります。
　このように、この銘柄は現在の株価水準において割安と判断されますが、この結果は必ずしも今後の株価の上昇を示唆するものではありません。
投資判断においては、株主還元関連事項を中心に、企業や外部環境の動向に注視してください。


【過去比較】
　過去2年間において、この銘柄はPSRの変動幅が最も狭いことから売上動向が投資判断で重視されている可能性があります。現状、PSRは過去平均値より低い為、過去比較の観点からは割安と判断されます。

【相対比較】
　一方、この銘柄の配当利回りは同一業種分類銘柄の平均値と連動性が高い傾向にあります。つまり、この銘柄の投資判断では同一業種分類を対象に株主還元策が比較されている可能性があります。
　結果、現在、この銘柄の配当利回りは同一業種分類の平均値よりも高い為、相対比較の観点からは割安と判断されます。

","1,198.0",04月10日,20:17,C:\Users\naoya\Desktop\nikkei225\minkabu\Output/3099-三越伊勢丹ホールディングス/2017-04-10-20-16-19/comment\18.html
"三越伊勢丹ホールディングス(3099)の買い予想。 aoaokabu さんの売買予想。 目標株価： 1,226円 期間： 中期(数週間~数ヶ月) 理由： 配当(株主優待を含む) 個人投資家の意見「買い」に賛成",三越伊勢丹ホールディングス,2016/08/19,08:16,買い予想,aoaokabuさん,6.02,988.0,+59.57,"1,226",中期(数週間～数ヶ月),配当(株主優待を含む),,"1,198.0",04月10日,20:17,C:\Users\naoya\Desktop\nikkei225\minkabu\Output/3099-三越伊勢丹ホールディングス/2017-04-10-20-16-19/comment\19.html
"三越伊勢丹ホールディングス(3099)の買い予想。 ７本ＤＭ さんの売買予想。 目標株価： 1,250円 期間： 中期(数週間~数ヶ月) 理由： 個人投資家の予想 10.9pk",三越伊勢丹ホールディングス,2017/04/09,23:02,買い予想,７本ＤＭさん,0.86,"1,199.0",-0.94,"1,249",中期(数週間～数ヶ月),個人投資家の予想,,"1,198.0",04月10日,20:16,C:\Users\naoya\Desktop\nikkei225\minkabu\Output/3099-三越伊勢丹ホールディングス/2017-04-10-20-16-19/comment\2.html
三越伊勢丹ホールディングス(3099)の売り予想。 民家部 さんの売買予想。 目標株価： 98円 期間： 長期(数ヶ月～数年) 理由： 業績(会社計画の修正発表を含む) 売り,三越伊勢丹ホールディングス,2016/08/08,21:32,売り予想,民家部さん,-1.3,979.0,-63.32,98,長期(数ヶ月～数年),業績(会社計画の修正発表を含む),,"1,198.0",04月10日,20:17,C:\Users\naoya\Desktop\nikkei225\minkabu\Output/3099-三越伊勢丹ホールディングス/2017-04-10-20-16-19/comment\20.html
"三越伊勢丹ホールディングス(3099)の買い予想。 kouboudaisi さんの売買予想。 目標株価： 1,400円 期間： 中期(数週間~数ヶ月) 理由： 個人投資家の予想 株価診断結果「割安」に賛成",三越伊勢丹ホールディングス,2017/04/05,11:05,買い予想,kouboudaisiさん,12.36,"1,191.0",+0.95,"1,400",中期(数週間～数ヶ月),個人投資家の予想,,"1,198.0",04月10日,20:16,C:\Users\naoya\Desktop\nikkei225\minkabu\Output/3099-三越伊勢丹ホールディングス/2017-04-10-20-16-19/comment\3.html
"三越伊勢丹ホールディングス(3099)の売り予想。 ひとみん｡｡☆ さんの売買予想。 目標株価： 1,200円 期間： 短期(数分~数日) 理由： チャート ･･･下げそう☆",三越伊勢丹ホールディングス,2017/03/30,08:29,売り予想,ひとみん｡｡☆さん,0.86,"1,257.0",+13.57,"1,200",短期(数分～数日),チャート,,"1,198.0",04月10日,20:16,C:\Users\naoya\Desktop\nikkei225\minkabu\Output/3099-三越伊勢丹ホールディングス/2017-04-10-20-16-19/comment\4.html
"三越伊勢丹ホールディングス(3099)の買い予想。 へっくん さんの売買予想。 目標株価： 1,412円 期間： 中期(数週間~数ヶ月) 理由： 配当(株主優待を含む) 買い",三越伊勢丹ホールディングス,2017/03/12,11:21,買い予想,へっくんさん,3.22,"1,344.0",-31.52,"1,412",中期(数週間～数ヶ月),配当(株主優待を含む),,"1,198.0",04月10日,20:16,C:\Users\naoya\Desktop\nikkei225\minkabu\Output/3099-三越伊勢丹ホールディングス/2017-04-10-20-16-19/comment\5.html
"三越伊勢丹ホールディングス(3099)の売り予想。 miori さんの売買予想。 目標株価： 1,363円 期間： 中期(数週間~数ヶ月) 理由： 業績(会社計画の修正発表を含む) 株価診断結果「割高」に賛成",三越伊勢丹ホールディングス,2017/03/02,15:39,売り予想,mioriさん,49.81,"1,450.0",+49.61,"1,363",中期(数週間～数ヶ月),業績(会社計画の修正発表を含む),"【株価分析結果】2017/03/02 01:52　割高  【総論】　この銘柄は、みんかぶリサーチによる株価診断において過去比較で割安と判断され、また相対比較で割高と判断されます。しかし、相対比較の方が連動性が高いことから、現在の株価は「割高」と結論付けました。　但し、この銘柄の株価が「1,363円」を割ると割安圏内に入ります。なお、この銘柄は相対比較においてプレミアム評価される傾向にあり、理論株価はその点を考慮して算出されております。　このように、この銘柄は現在の株価水準において割高と判断されますが、この結果は必ずしも今後の株価の下落を示唆するものではありません。投資判断においては、株主還元関連事項を中心に、企業や外部環境の動向に注視してください。【過去比較】　過去2年間において、この銘柄はPSRの変動幅が最も狭いことから売上動向が投資判断で重視されている可能性があります。現状、PSRは過去平均値より低い為、過去比較の観点からは割安と判断されます。【相対比較】　一方、この銘柄の配当利回りは類似時価総額銘柄の平均値と連動性が高い傾向にあります。つまり、この銘柄の投資判断では類似時価総額を対象に株主還元策が比較されている可能性があります。また、この銘柄は相対比較においてプレミアム評価される傾向にある為、それを考慮します。　結果、現在、この銘柄の株価は相対比較の観点で割高と判断されます。","1,198.0",04月10日,20:16,C:\Users\naoya\Desktop\nikkei225\minkabu\Output/3099-三越伊勢丹ホールディングス/2017-04-10-20-16-19/comment\6.html
"三越伊勢丹ホールディングス(3099)の買い予想。 Newジェントルマン さんの売買予想。 目標株価： 2,046円 期間： 中期(数週間~数ヶ月) 理由： その他 買い予想 中期 目標株価2,046円",三越伊勢丹ホールディングス,2017/02/26,14:31,買い予想,Newジェントルマンさん,-5.41,"1,409.0",-43.18,"2,046",中期(数週間～数ヶ月),その他,,"1,198.0",04月10日,20:16,C:\Users\naoya\Desktop\nikkei225\minkabu\Output/3099-三越伊勢丹ホールディングス/2017-04-10-20-16-19/comment\7.html
"三越伊勢丹ホールディングス(3099)の買い予想。 dover さんの売買予想。 目標株価： 1,502円 期間： 中期(数週間~数ヶ月) 理由： その他 ..",三越伊勢丹ホールディングス,2017/02/21,11:58,買い予想,doverさん,75.34,"1,427.0",-46.23,"1,501",中期(数週間～数ヶ月),その他,,"1,198.0",04月10日,20:16,C:\Users\naoya\Desktop\nikkei225\minkabu\Output/3099-三越伊勢丹ホールディングス/2017-04-10-20-16-19/comment\8.html
"三越伊勢丹ホールディングス(3099)の買い予想。 doctag さんの売買予想。 目標株価： 1,420円 期間： 中期(数週間~数ヶ月) 理由： その他 個人投資家の意見「買い」に賛成",三越伊勢丹ホールディングス,2017/01/08,20:04,買い予想,doctagさん,12.05,"1,328.0",-28.47,"1,420",中期(数週間～数ヶ月),その他,,"1,198.0",04月10日,20:16,C:\Users\naoya\Desktop\nikkei225\minkabu\Output/3099-三越伊勢丹ホールディングス/2017-04-10-20-16-19/comment\9.html
