企業名,クローリン更新コメント時間_最新,クローリン更新コメント時間_最古,クローリング参照コメント時間,クローリング更新結果
日本水産,Not update,Not update,2017-03-27 00:00:00,Not update
マルハニチロ,Not update,Not update,2017-04-03 00:00:00,Not update
国際石油開発帝石,Not update,Not update,2017-04-09 00:00:00,Not update
コムシスホールディングス,Not update,Not update,2017-03-27 00:00:00,Not update
大成建設,2017-04-11 00:00:00,2015-09-29 00:00:00,2017-04-06 00:00:00,True
大林組,2017-04-11 00:00:00,2014-12-13 00:00:00,2017-04-05 00:00:00,True
清水建設,Not update,Not update,2017-04-08 12:35:00,Not update
長谷工コーポレーション,Not update,Not update,2017-04-09 00:00:00,Not update
鹿島建設,2017-04-11 00:00:00,2015-02-15 00:00:00,2017-04-10 18:29:00,True
大和ハウス工業,Not update,Not update,2017-04-10 15:06:00,Not update
積水ハウス,Not update,Not update,2017-04-06 00:00:00,Not update
日揮,Not update,Not update,2017-04-10 18:36:00,Not update
日清製粉グループ本社,Not update,Not update,2017-03-19 00:00:00,Not update
明治ホールディングス,Not update,Not update,2017-04-04 00:00:00,Not update
日本ハム,Not update,Not update,2017-04-09 00:00:00,Not update
ディー・エヌ・エー,2017-04-11 00:00:00,2017-01-06 00:00:00,2017-04-10 18:31:00,True
サッポロホールディングス,Not update,Not update,2017-04-10 19:04:00,Not update
アサヒグループホールディングス,Not update,Not update,2017-04-05 00:00:00,Not update
キリンホールディングス,Not update,Not update,2017-03-27 00:00:00,Not update
宝ホールディングス,Not update,Not update,2017-03-06 00:00:00,Not update
双日,2017-04-11 00:00:00,2016-03-13 00:00:00,2017-04-09 00:00:00,True
キッコーマン,2017-04-11 00:00:00,2013-03-15 00:00:00,2017-04-10 08:47:00,True
味の素,2017-04-11 00:00:00,2016-04-27 00:00:00,2017-04-08 19:45:00,True
ニチレイ,2017-04-11 00:00:00,2012-03-25 00:00:00,2017-03-27 00:00:00,True
日本たばこ産業,2017-04-11 00:00:00,2016-06-29 00:00:00,2017-04-06 00:00:00,True
J.フロントリテイリング,Not update,Not update,2017-04-10 19:42:00,Not update
三越伊勢丹ホールディングス,Not update,Not update,2017-04-10 15:48:00,Not update
東洋紡,Not update,Not update,2017-03-28 00:00:00,Not update
ユニチカ,2017-04-12 09:10:00,2014-10-31 00:00:00,2017-03-07 00:00:00,True
日清紡ホールディングス,2017-04-11 00:00:00,2012-03-24 00:00:00,2017-02-26 00:00:00,True
東急不動産ホールディングス,2017-04-11 00:00:00,2015-05-30 00:00:00,2017-04-01 00:00:00,True
セブン＆アイ・ホールディングス,2017-04-12 10:16:00,2016-06-22 00:00:00,2017-04-10 17:35:00,True
帝人,Not update,Not update,2017-04-05 00:00:00,Not update
東レ,Not update,Not update,2017-04-10 15:08:00,Not update
クラレ,Not update,Not update,2017-04-10 08:58:00,Not update
旭化成,Not update,Not update,2017-04-10 13:46:00,Not update
SUMCO,Not update,Not update,2017-04-10 19:00:00,Not update
王子ホールディングス,2017-04-11 00:00:00,2014-02-06 00:00:00,2017-04-09 00:00:00,True
日本製紙,Not update,Not update,2017-02-26 00:00:00,Not update
北越紀州製紙,Not update,Not update,2017-03-26 00:00:00,Not update
昭和電工,2017-04-11 00:00:00,2014-07-20 00:00:00,2017-04-10 21:02:00,True
住友化学,Not update,Not update,2017-04-10 18:33:00,Not update
日産化学工業,2017-04-11 00:00:00,2011-12-06 00:00:00,2017-03-26 00:00:00,True
東ソー,Not update,Not update,2017-03-27 00:00:00,Not update
トクヤマ,Not update,Not update,2017-04-01 00:00:00,Not update
デンカ,Not update,Not update,2017-03-27 00:00:00,Not update
信越化学工業,Not update,Not update,2017-04-10 21:00:00,Not update
協和発酵キリン,Not update,Not update,2017-04-07 00:00:00,Not update
三井化学,Not update,Not update,2017-03-19 00:00:00,Not update
三菱ケミカルホールディングス,Not update,Not update,2017-03-27 00:00:00,Not update
宇部興産,Not update,Not update,2017-04-01 00:00:00,Not update
日本化薬,Not update,Not update,2017-03-27 00:00:00,Not update
電通,Not update,Not update,2017-03-27 00:00:00,Not update
花王,2017-04-11 00:00:00,2016-02-06 00:00:00,2017-03-28 00:00:00,True
武田薬品工業,Not update,Not update,2017-04-07 00:00:00,Not update
アステラス製薬,2017-04-12 09:17:00,2016-07-19 00:00:00,2017-04-08 00:00:00,True
大日本住友製薬,2017-04-11 00:00:00,2013-12-06 00:00:00,2017-04-09 00:00:00,True
塩野義製薬,Not update,Not update,2017-03-27 00:00:00,Not update
中外製薬,Not update,Not update,2017-03-27 00:00:00,Not update
エーザイ,2017-04-12 09:48:00,2013-11-17 00:00:00,2017-04-01 00:00:00,True
テルモ,2017-04-11 00:00:00,2015-02-23 00:00:00,2017-04-06 00:00:00,True
第一三共,2017-04-11 00:00:00,2014-10-07 00:00:00,2017-04-06 00:00:00,True
大塚ホールディングス,Not update,Not update,2017-03-27 00:00:00,Not update
ヤフー,Not update,Not update,2017-04-05 00:00:00,Not update
トレンドマイクロ,Not update,Not update,2017-04-07 00:00:00,Not update
楽天,2017-04-11 00:00:00,2017-02-06 00:00:00,2017-04-08 00:00:00,True
富士フイルムホールディングス,Not update,Not update,2017-03-23 00:00:00,Not update
コニカミノルタ,Not update,Not update,2017-04-07 00:00:00,Not update
資生堂,Not update,Not update,2017-03-27 00:00:00,Not update
昭和シェル石油,Not update,Not update,2017-04-10 19:02:00,Not update
JXホールディングス,Not update,Not update,2017-03-22 00:00:00,Not update
横浜ゴム,Not update,Not update,2017-03-24 00:00:00,Not update
ブリヂストン,Not update,Not update,2017-04-01 00:00:00,Not update
旭硝子,Not update,Not update,2017-03-26 00:00:00,Not update
日本板硝子,2017-04-11 00:00:00,2015-04-16 00:00:00,2017-03-02 00:00:00,True
日本電気硝子,Not update,Not update,2017-03-31 00:00:00,Not update
住友大阪セメント,Not update,Not update,2017-02-26 00:00:00,Not update
太平洋セメント,Not update,Not update,2017-04-09 00:00:00,Not update
東海カーボン,Not update,Not update,2017-03-20 00:00:00,Not update
TOTO,Not update,Not update,2017-03-21 00:00:00,Not update
日本碍子,Not update,Not update,2017-04-07 00:00:00,Not update
新日鐵住金,Not update,Not update,2017-04-09 10:59:00,Not update
神戸製鋼所,Not update,Not update,2017-04-08 00:00:00,Not update
ジェイエフイーホールディングス,Not update,Not update,2017-04-06 00:00:00,Not update
日新製鋼,Not update,Not update,2017-03-28 00:00:00,Not update
大平洋金属,Not update,Not update,2017-03-16 00:00:00,Not update
日本製鋼所,2017-04-11 00:00:00,2017-04-11 00:00:00,2017-04-09 00:00:00,First
日本軽金属ホールディングス,Not update,Not update,2017-03-14 00:00:00,Not update
三井金属鉱業,2017-04-12 07:46:00,2014-02-28 00:00:00,2017-03-18 00:00:00,True
東邦亜鉛,Not update,Not update,2017-04-10 16:34:00,Not update
三菱マテリアル,Not update,Not update,2017-04-04 00:00:00,Not update
住友金属鉱山,Not update,Not update,2017-04-09 00:00:00,Not update
DOWAホールディングス,Not update,Not update,2017-04-08 00:00:00,Not update
古河機械金属,Not update,Not update,2017-04-10 08:41:00,Not update
古河電気工業,2017-04-11 00:00:00,2014-04-22 00:00:00,2017-04-10 21:04:00,True
住友電気工業,Not update,Not update,2017-04-09 00:00:00,Not update
フジクラ,Not update,Not update,2017-04-05 00:00:00,Not update
東洋製罐グループホールディングス,2017-04-11 00:00:00,2009-12-31 00:00:00,2017-04-04 00:00:00,True
オークマ,Not update,Not update,2017-02-26 00:00:00,Not update
アマダホールディングス,2017-04-12 10:31:00,2013-09-20 00:00:00,2017-03-03 00:00:00,True
小松製作所,2017-04-11 00:00:00,2015-10-11 00:00:00,2017-04-10 00:40:00,True
住友重機械工業,Not update,Not update,2017-03-27 00:00:00,Not update
日立建機,2017-04-12 08:49:00,2013-04-26 00:00:00,2017-04-10 00:46:00,True
クボタ,Not update,Not update,2017-04-08 00:00:00,Not update
荏原製作所,Not update,Not update,2017-03-27 00:00:00,Not update
千代田化工建設,2017-04-11 00:00:00,2014-01-03 00:00:00,2017-04-10 18:35:00,True
ダイキン工業,Not update,Not update,2017-04-04 00:00:00,Not update
日本精工,2017-04-11 00:00:00,2014-06-17 00:00:00,2017-03-27 00:00:00,True
NTN,2017-04-11 00:00:00,2013-12-26 00:00:00,2017-04-06 00:00:00,True
ジェイテクト,Not update,Not update,2017-04-09 00:00:00,Not update
ミネベア,2017-04-11 00:00:00,2015-12-03 00:00:00,2017-04-07 00:00:00,True
日立製作所,Not update,Not update,2017-04-07 00:00:00,Not update
東芝,2017-04-12 07:32:00,2017-03-31 00:00:00,2017-04-10 12:15:00,True
三菱電機,2017-04-12 10:09:00,2014-12-09 00:00:00,2017-04-10 15:42:00,True
富士電機,Not update,Not update,2017-04-05 00:00:00,Not update
安川電機,2017-04-12 09:34:00,2015-05-17 00:00:00,2017-04-08 00:00:00,True
明電舎,Not update,Not update,2017-03-14 00:00:00,Not update
ジーエス・ユアサコーポレーション,Not update,Not update,2017-04-05 00:00:00,Not update
日本電気,Not update,Not update,2017-04-09 09:37:00,Not update
富士通,Not update,Not update,2017-04-10 08:53:00,Not update
沖電気工業,Not update,Not update,2017-03-27 00:00:00,Not update
パナソニック,2017-04-10 00:00:00,2016-12-24 00:00:00,2017-04-09 00:00:00,True
ソニー,2017-04-11 00:00:00,2016-12-07 00:00:00,2017-04-10 01:10:00,True
TDK,2017-04-12 09:23:00,2014-08-05 00:00:00,2017-04-07 00:00:00,True
アルプス電気,Not update,Not update,2017-04-10 10:06:00,Not update
パイオニア,2017-04-12 09:32:00,2015-11-27 00:00:00,2017-04-08 00:00:00,True
横河電機,Not update,Not update,2017-03-27 00:00:00,Not update
アドバンテスト,Not update,Not update,2017-04-07 00:00:00,Not update
デンソー,Not update,Not update,2017-04-10 14:00:00,Not update
カシオ計算機,Not update,Not update,2017-03-27 00:00:00,Not update
ファナック,Not update,Not update,2017-04-10 01:30:00,Not update
京セラ,Not update,Not update,2017-04-08 00:00:00,Not update
太陽誘電,Not update,Not update,2017-04-09 18:38:00,Not update
日東電工,Not update,Not update,2017-04-06 00:00:00,Not update
三井造船,Not update,Not update,2017-03-31 00:00:00,Not update
日立造船,Not update,Not update,2017-03-29 00:00:00,Not update
三菱重工業,2017-04-11 00:00:00,2016-10-04 00:00:00,2017-04-09 19:14:00,True
川崎重工業,2017-04-11 00:00:00,2015-12-10 00:00:00,2017-04-09 18:51:00,True
IHI,Not update,Not update,2017-04-09 15:51:00,Not update
コンコルディア・フィナンシャルグループ,Not update,Not update,2017-04-10 15:32:00,Not update
日産自動車,2017-04-11 00:00:00,2017-02-19 00:00:00,2017-04-10 19:37:00,True
いすゞ自動車,2017-04-11 00:00:00,2014-11-27 00:00:00,2017-04-01 00:00:00,True
トヨタ自動車,2017-04-12 09:03:00,2017-03-15 00:00:00,2017-04-09 15:00:00,True
日野自動車,Not update,Not update,2017-04-08 00:00:00,Not update
三菱自動車工業,2017-04-12 12:20:00,2016-12-09 00:00:00,2017-03-22 00:00:00,True
マツダ,2017-04-12 11:07:00,2017-02-09 00:00:00,2017-04-08 00:00:00,True
本田技研工業,2017-04-12 08:53:00,2016-08-26 00:00:00,2017-04-09 00:00:00,True
スズキ,2017-04-12 10:21:00,2015-10-06 00:00:00,2017-03-27 00:00:00,True
富士重工業,2017-04-11 00:00:00,2016-03-21 00:00:00,2017-04-10 09:15:00,True
ヤマハ発動機,2017-04-11 00:00:00,2016-03-10 00:00:00,2017-03-29 00:00:00,True
ニコン,Not update,Not update,2017-04-01 00:00:00,Not update
オリンパス,Not update,Not update,2017-04-01 00:00:00,Not update
SCREENホールディングス,Not update,Not update,2017-04-03 00:00:00,Not update
キヤノン,Not update,Not update,2017-04-10 14:37:00,Not update
リコー,2017-04-11 00:00:00,2015-12-13 00:00:00,2017-04-06 00:00:00,True
シチズンホールディングス,Not update,Not update,2017-03-31 00:00:00,Not update
凸版印刷,Not update,Not update,2017-03-30 00:00:00,Not update
大日本印刷,2017-04-12 12:37:00,2012-10-12 00:00:00,2017-02-26 00:00:00,True
ヤマハ,2017-04-11 00:00:00,2014-06-04 00:00:00,2017-03-30 00:00:00,True
伊藤忠商事,Not update,Not update,2017-04-06 00:00:00,Not update
丸紅,2017-04-11 00:00:00,2016-03-05 00:00:00,2017-04-10 18:33:00,True
豊田通商,Not update,Not update,2017-02-26 00:00:00,Not update
ユニー・ファミリーマートホールディングス,2017-04-10 00:00:00,2013-10-09 00:00:00,2017-03-27 00:00:00,True
三井物産,2017-04-11 00:00:00,2016-06-26 00:00:00,2017-04-10 10:10:00,True
東京エレクトロン,2017-04-12 11:49:00,2015-06-28 00:00:00,2017-04-10 14:55:00,True
住友商事,2017-04-12 12:29:00,2015-09-06 00:00:00,2017-04-02 00:00:00,True
三菱商事,2017-04-11 00:00:00,2016-04-14 00:00:00,2017-04-03 00:00:00,True
高島屋,Not update,Not update,2017-04-08 00:00:00,Not update
丸井グループ,Not update,Not update,2017-02-26 00:00:00,Not update
クレディセゾン,Not update,Not update,2017-04-04 00:00:00,Not update
イオン,Not update,Not update,2017-04-06 00:00:00,Not update
新生銀行,Not update,Not update,2017-03-27 00:00:00,Not update
あおぞら銀行,Not update,Not update,2017-04-05 00:00:00,Not update
三菱UFJフィナンシャル・グループ,2017-04-12 11:25:00,2017-02-28 00:00:00,2017-04-10 17:40:00,True
りそなホールディングス,Not update,Not update,2017-04-08 00:00:00,Not update
三井住友トラスト・ホールディングス,Not update,Not update,2017-04-08 00:00:00,Not update
三井住友フィナンシャルグループ,2017-04-11 00:00:00,2016-10-01 00:00:00,2017-04-09 00:00:00,True
千葉銀行,Not update,Not update,2017-04-07 00:00:00,Not update
ふくおかフィナンシャルグループ,Not update,Not update,2017-04-07 00:00:00,Not update
静岡銀行,Not update,Not update,2017-03-27 00:00:00,Not update
みずほフィナンシャルグループ,2017-04-12 11:15:00,2017-02-28 00:00:00,2017-04-08 00:00:00,True
大和証券グループ本社,2017-04-12 07:50:00,2014-05-09 00:00:00,2017-04-10 19:40:00,True
野村ホールディングス,2017-04-12 12:33:00,2016-09-18 00:00:00,2017-04-08 00:00:00,True
松井証券,Not update,Not update,2017-03-27 00:00:00,Not update
損保ジャパン日本興亜ホールディングス,Not update,Not update,2017-04-04 00:00:00,Not update
MS＆ADインシュアランスグループホールディングス,Not update,Not update,2017-03-28 00:00:00,Not update
ソニーフィナンシャルホールディングス,Not update,Not update,2017-04-09 00:00:00,Not update
第一生命ホールディングス,Not update,Not update,2017-04-10 08:57:00,Not update
東京海上ホールディングス,Not update,Not update,2017-04-10 18:57:00,Not update
T＆Dホールディングス,Not update,Not update,2017-04-10 08:55:00,Not update
三井不動産,2017-04-11 00:00:00,2015-03-11 00:00:00,2017-04-07 00:00:00,True
三菱地所,2017-04-11 00:00:00,2013-09-17 00:00:00,2017-03-30 00:00:00,True
東京建物,Not update,Not update,2017-04-01 00:00:00,Not update
住友不動産,2017-04-10 00:00:00,2012-04-03 00:00:00,2017-03-28 00:00:00,True
東武鉄道,Not update,Not update,2017-02-26 00:00:00,Not update
東京急行電鉄,2017-04-11 00:00:00,2013-03-24 00:00:00,2017-03-30 00:00:00,True
小田急電鉄,Not update,Not update,2017-02-26 00:00:00,Not update
京王電鉄,Not update,Not update,2017-02-26 00:00:00,Not update
京成電鉄,2017-04-11 00:00:00,2010-05-25 00:00:00,2017-03-27 00:00:00,True
東日本旅客鉄道,Not update,Not update,2017-03-27 00:00:00,Not update
西日本旅客鉄道,Not update,Not update,2017-04-05 00:00:00,Not update
東海旅客鉄道,Not update,Not update,2017-03-29 00:00:00,Not update
日本通運,2017-04-12 07:06:00,2011-07-01 00:00:00,2017-04-09 00:00:00,True
ヤマトホールディングス,Not update,Not update,2017-04-10 18:37:00,Not update
日本郵船,Not update,Not update,2017-04-09 00:00:00,Not update
商船三井,Not update,Not update,2017-04-05 00:00:00,Not update
川崎汽船,Not update,Not update,2017-04-04 00:00:00,Not update
ANAホールディングス,2017-04-11 00:00:00,2016-10-26 00:00:00,2017-04-01 00:00:00,True
三菱倉庫,Not update,Not update,2017-04-09 00:00:00,Not update
スカパーJSATホールディングス,Not update,Not update,2017-03-24 00:00:00,Not update
日本電信電話,Not update,Not update,2017-03-27 00:00:00,Not update
KDDI,2017-04-12 09:23:00,2016-02-27 00:00:00,2017-04-08 00:00:00,True
NTTドコモ,2017-04-12 09:57:00,2016-04-19 00:00:00,2017-04-04 00:00:00,True
東京電力ホールディングス,2017-04-11 00:00:00,2016-12-05 00:00:00,2017-04-09 00:00:00,True
中部電力,Not update,Not update,2017-03-07 00:00:00,Not update
関西電力,2017-04-12 13:28:00,2015-06-28 00:00:00,2017-04-10 18:18:00,True
東京瓦斯,Not update,Not update,2017-04-01 00:00:00,Not update
大阪瓦斯,Not update,Not update,2017-03-11 00:00:00,Not update
東宝,Not update,Not update,2017-03-27 00:00:00,Not update
エヌ・ティ・ティ・データ,Not update,Not update,2017-04-07 00:00:00,Not update
東京ドーム,Not update,Not update,2017-04-09 00:00:00,Not update
セコム,Not update,Not update,2017-04-01 00:00:00,Not update
コナミホールディングス,2017-04-12 09:19:00,2014-11-06 00:00:00,2017-04-06 00:00:00,True
ファーストリテイリング,Not update,Not update,2017-03-28 00:00:00,Not update
ソフトバンクグループ,2017-04-12 09:25:00,2017-02-01 00:00:00,2017-04-07 00:00:00,True
